xLi,Uocp_V
0.0,4.32653043
0.0005,4.326524246932337
0.001,4.326518063864673
0.0015,4.3265118807970095
0.002,4.3265056977293455
0.0025,4.326499514661682
0.003,4.326493331594019
0.0035,4.326487148526355
0.004,4.326480965458692
0.0045000000000000005,4.326474782391029
0.005,4.3264685993233645
0.0055,4.326462416255701
0.006,4.326456233188037
0.006500000000000001,4.326450050120374
0.007,4.326443867052711
0.0075,4.326437683985047
0.008,4.3264315009173835
0.0085,4.326425317849719
0.009000000000000001,4.326419134782056
0.0095,4.326412951714393
0.01,4.326406768646729
0.0105,4.326400585579066
0.011,4.3263944025114025
0.0115,4.326388219443738
0.012,4.326382036376075
0.0125,4.326375853308411
0.013000000000000001,4.326369670240748
0.0135,4.326363487173085
0.014,4.326357304105421
0.0145,4.326351121037757
0.015,4.326344937970094
0.0155,4.32633875490243
0.016,4.326332571834767
0.0165,4.326326388767103
0.017,4.32632020569944
0.0175,4.3263140226317764
0.018000000000000002,4.326307839564112
0.0185,4.326301656496449
0.019,4.326295473428785
0.0195,4.326289290361122
0.02,4.326283107293459
0.0205,4.326276924225795
0.021,4.326270741158131
0.021500000000000002,4.326264558090468
0.022,4.326258375022804
0.0225,4.326252191955141
0.023,4.326246008887477
0.0235,4.326239825819814
0.024,4.32623364275215
0.0245,4.326227459684486
0.025,4.326221276616823
0.025500000000000002,4.326215093549159
0.026000000000000002,4.326208910481496
0.0265,4.326202727413833
0.027,4.3261965443461685
0.0275,4.326190361278505
0.028,4.326184178210842
0.0285,4.326177995143178
0.029,4.326171812075515
0.029500000000000002,4.326165629007851
0.03,4.3261594459401875
0.0305,4.326153262872524
0.031,4.32614707980486
0.0315,4.326140896737197
0.032,4.326134713669534
0.0325,4.32612853060187
0.033,4.3261223475342065
0.0335,4.3261161644665425
0.034,4.326109981398879
0.0345,4.326103798331216
0.035,4.326097615263552
0.035500000000000004,4.326091432195889
0.036000000000000004,4.326085249128225
0.0365,4.3260790660605615
0.037,4.326072882992898
0.0375,4.326066699925234
0.038,4.326060516857571
0.0385,4.326054333789908
0.039,4.326048150722244
0.0395,4.3260419676545805
0.04,4.326035784586916
0.0405,4.326029601519253
0.041,4.32602341845159
0.0415,4.326017235383926
0.042,4.326011052316263
0.0425,4.326004869248599
0.04289375670512677,4.3259999999998975
0.043000000000000003,4.325998686180935
0.043500000000000004,4.325992503113272
0.044,4.325986320045608
0.0445,4.325980136977945
0.045,4.325973953910282
0.0455,4.325967770842618
0.046,4.325961587774954
0.0465,4.32595540470729
0.047,4.325949221639627
0.0475,4.325943038571964
0.048,4.3259368555043
0.0485,4.325930672436637
0.049,4.325924489368973
0.0495,4.325918306301309
0.05,4.325912123233646
0.0505,4.325905940165982
0.051000000000000004,4.325899757098319
0.051500000000000004,4.325893574030656
0.052000000000000005,4.325887390962992
0.0525,4.325881207895328
0.053,4.325875024827664
0.0535,4.325868841760001
0.054,4.325862658692338
0.0545,4.325856475624674
0.055,4.325850292557011
0.0555,4.325844109489347
0.056,4.325837926421683
0.0565,4.32583174335402
0.057,4.325825560286356
0.0575,4.325819377218693
0.058,4.32581319415103
0.0585,4.3258070110833655
0.059000000000000004,4.325800828015702
0.059500000000000004,4.325794644948038
0.06,4.325788461880375
0.0605,4.325782278812712
0.061,4.325776095745048
0.0615,4.3257699126773845
0.062,4.325763729609721
0.0625,4.325757546542057
0.063,4.325751363474394
0.0635,4.32574518040673
0.064,4.325738997339067
0.0645,4.3257328142714035
0.065,4.3257266312037395
0.0655,4.325720448136076
0.066,4.325714265068412
0.0665,4.325708082000749
0.067,4.325701898933086
0.0675,4.325695715865422
0.068,4.3256895327977585
0.0685,4.325683349730095
0.069,4.325677166662431
0.0695,4.325670983594768
0.07,4.325664800527104
0.07050000000000001,4.325658617459441
0.07100000000000001,4.3256524343917775
0.07150000000000001,4.325646251324113
0.07200000000000001,4.32564006825645
0.0725,4.325633885188786
0.073,4.325627702121123
0.0735,4.32562151905346
0.074,4.325615335985796
0.0745,4.325609152918132
0.075,4.325602969850469
0.0755,4.325596786782805
0.076,4.325590603715142
0.0765,4.325584420647478
0.077,4.325578237579815
0.0775,4.325572054512151
0.078,4.325565871444487
0.0785,4.325559688376824
0.079,4.325553505309161
0.0795,4.325547322241497
0.08,4.325541139173834
0.0805,4.32553495610617
0.081,4.325528773038506
0.0815,4.325522589970843
0.082,4.325516406903179
0.0825,4.325510223835516
0.083,4.325504040767852
0.0835,4.325497857700189
0.084,4.325491674632525
0.0845,4.325485491564861
0.085,4.325479308497198
0.0855,4.325473125429535
0.08600000000000001,4.325466942361871
0.08650000000000001,4.325460759294208
0.08700000000000001,4.3254545762265435
0.08750000000000001,4.32544839315888
0.088,4.325442210091217
0.0885,4.325436027023553
0.089,4.32542984395589
0.0895,4.325423660888226
0.09,4.3254174778205625
0.0905,4.325411294752899
0.091,4.325405111685235
0.0915,4.325398928617572
0.092,4.325392745549909
0.0925,4.325386562482245
0.093,4.3253803794145815
0.0935,4.325374196346917
0.094,4.325368013279254
0.0945,4.325361830211591
0.095,4.325355647143927
0.0955,4.325349464076264
0.096,4.3253432810086005
0.0965,4.3253370979409365
0.097,4.325330914873273
0.0975,4.325324731805609
0.098,4.325318548737946
0.0985,4.325312365670283
0.099,4.325306182602619
0.0995,4.3252999995349555
0.1,4.325293816467291
0.1005,4.325287633399628
0.101,4.325281450331965
0.1015,4.325275267264301
0.10200000000000001,4.325269084196638
0.10250000000000001,4.3252629011289745
0.10300000000000001,4.32525671806131
0.10350000000000001,4.325250534993647
0.10400000000000001,4.325244351925983
0.1045,4.32523816885832
0.105,4.325231985790657
0.1055,4.325225802722993
0.106,4.325219619655329
0.1065,4.325213436587665
0.107,4.325207253520002
0.1075,4.325201070452339
0.108,4.325194887384675
0.1085,4.325188704317012
0.109,4.325182521249348
0.1095,4.325176338181684
0.11,4.325170155114021
0.1105,4.325163972046357
0.111,4.325157788978694
0.1115,4.325151605911031
0.112,4.325145422843367
0.1125,4.325139239775703
0.113,4.325133056708039
0.1135,4.325126873640376
0.114,4.325120690572713
0.1145,4.325114507505049
0.115,4.325108324437386
0.1155,4.325102141369722
0.116,4.325095958302058
0.1165,4.325089775234395
0.117,4.325083592166731
0.11750000000000001,4.325077409099068
0.11800000000000001,4.325071226031405
0.11850000000000001,4.3250650429637405
0.11900000000000001,4.325058859896077
0.11950000000000001,4.325052676828414
0.12,4.32504649376075
0.1205,4.325040310693087
0.121,4.325034127625423
0.1215,4.3250279445577595
0.122,4.325021761490096
0.1225,4.325015578422432
0.123,4.325009395354769
0.1235,4.325003212287105
0.1237597648434481,4.324999999999898
0.124,4.324997029219442
0.1245,4.3249908461517785
0.125,4.3249846630841144
0.1255,4.324978480016451
0.126,4.324972296948788
0.1265,4.324966113881124
0.127,4.324959930813461
0.1275,4.324953747745797
0.128,4.3249475646781335
0.1285,4.32494138161047
0.129,4.324935198542806
0.1295,4.324929015475143
0.13,4.324922832407479
0.1305,4.324916649339816
0.131,4.3249104662721525
0.1315,4.324904283204488
0.132,4.324898100136825
0.1325,4.324891917069162
0.133,4.324885734001498
0.1335,4.324879550933835
0.134,4.324873367866171
0.1345,4.324867184798507
0.135,4.324861001730844
0.1355,4.32485481866318
0.136,4.324848635595517
0.1365,4.324842452527853
0.137,4.32483626946019
0.1375,4.324830086392526
0.138,4.324823903324862
0.1385,4.324817720257199
0.139,4.324811537189536
0.1395,4.324805354121872
0.14,4.324799171054209
0.1405,4.3247929879865445
0.14100000000000001,4.324786804918881
0.14150000000000001,4.324780621851218
0.14200000000000002,4.324774438783554
0.14250000000000002,4.324768255715891
0.14300000000000002,4.324762072648228
0.14350000000000002,4.324755889580564
0.14400000000000002,4.3247497065129
0.1445,4.324743523445236
0.145,4.324737340377573
0.1455,4.32473115730991
0.146,4.324724974242246
0.1465,4.324718791174583
0.147,4.3247126081069185
0.1475,4.324706425039255
0.148,4.324700241971592
0.1485,4.324694058903928
0.149,4.324687875836265
0.1495,4.324681692768602
0.15,4.3246755097009375
0.1505,4.324669326633274
0.151,4.32466314356561
0.1515,4.324656960497947
0.152,4.324650777430284
0.1525,4.32464459436262
0.153,4.3246384112949565
0.1535,4.324632228227292
0.154,4.324626045159629
0.1545,4.324619862091966
0.155,4.324613679024302
0.1555,4.324607495956639
0.156,4.3246013128889755
0.1565,4.3245951298213114
0.157,4.324588946753648
0.1575,4.324582763685984
0.158,4.324576580618321
0.1585,4.324570397550658
0.159,4.324564214482994
0.1595,4.3245580314153305
0.16,4.324551848347667
0.1605,4.324545665280003
0.161,4.32453948221234
0.1615,4.324533299144676
0.162,4.324527116077013
0.1625,4.3245209330093495
0.163,4.324514749941685
0.1635,4.324508566874022
0.164,4.324502383806358
0.1645,4.324496200738695
0.165,4.324490017671032
0.1655,4.324483834603368
0.166,4.324477651535704
0.1665,4.324471468468041
0.167,4.324465285400377
0.1675,4.324459102332714
0.168,4.32445291926505
0.1685,4.324446736197387
0.169,4.324440553129723
0.1695,4.324434370062059
0.17,4.324428186994396
0.1705,4.324422003926732
0.171,4.324415820859069
0.1715,4.324409637791406
0.17200000000000001,4.3244034547237415
0.17250000000000001,4.324397271656078
0.17300000000000001,4.324391088588415
0.17350000000000002,4.324384905520751
0.17400000000000002,4.324378722453088
0.17450000000000002,4.324372539385424
0.17500000000000002,4.324366356317761
0.17550000000000002,4.324360173250097
0.176,4.324353990182433
0.1765,4.32434780711477
0.1768218765946296,4.323999999999898
0.177,4.323074153021957
0.17701426627630956,4.322999999999897
0.17720711595842067,4.321999999999898
0.17740191336255884,4.3209999999998985
0.1775,4.320496468457089
0.1775968543403411,4.319999999999898
0.17779389241409305,4.318999999999898
0.17799093048784487,4.317999999999898
0.178,4.317953984122292
0.17818831501277116,4.316999999999899
0.17838571348969628,4.315999999999899
0.1785,4.315425492653182
0.17858484837577263,4.314999999999898
0.17878426045755097,4.313999999999899
0.17898841419439376,4.312999999999899
0.179,4.312943609202822
0.17919386980429278,4.311999999999899
0.17940320749268146,4.310999999999899
0.1795,4.310540201591016
0.17961371824141084,4.309999999999899
0.1798274132407339,4.3089999999999
0.18,4.308195371108007
0.18004190561231678,4.3079999999998995
0.18025645485435543,4.306999999999899
0.18047101274016605,4.3059999999999
0.1805,4.305865291035199
0.18068667362268181,4.3049999999999
0.1809025000789622,4.3039999999999
0.181,4.303559415593501
0.18112379688298394,4.3029999999999
0.18134575107905987,4.3019999999999
0.1815,4.301317051158814
0.18157160829069918,4.300999999999901
0.1817991086460174,4.2999999999999
0.182,4.299130954436849
0.18203027184680196,4.2989999999999
0.182263098956288,4.297999999999901
0.18249747862182047,4.296999999999901
0.1825,4.296989242333813
0.18273099803005066,4.295999999999901
0.18296422998134318,4.2949999999999005
0.183,4.294848727559867
0.1832012844157255,4.293999999999901
0.18344127127727614,4.292999999999902
0.1835,4.292764770868289
0.18369093730427477,4.291999999999901
0.18393868841221592,4.290999999999901
0.184,4.290751055038447
0.18418497412704243,4.2899999999999014
0.18443099718626685,4.288999999999902
0.1845,4.288719487818819
0.1846793493606808,4.287999999999902
0.18493716528977866,4.286999999999901
0.185,4.286756280729175
0.18519601664952404,4.285999999999902
0.18545557936830623,4.284999999999902
0.1855,4.284829301057391
0.18571581883210614,4.283999999999902
0.18597827544784526,4.282999999999902
0.186,4.2829182422025545
0.1862439938607632,4.281999999999902
0.1865,4.281049842578171
0.18651346543847297,4.280999999999903
0.18678225641803106,4.2799999999999025
0.187,4.27918069511875
0.187048022663269,4.278999999999902
0.18732516948585312,4.277999999999903
0.1875,4.277377584365106
0.1876062508209867,4.276999999999903
0.18788782972476206,4.275999999999903
0.188,4.275603190152184
0.18817114547964173,4.274999999999903
0.1884550849403948,4.273999999999903
0.1885,4.273842031141062
0.1887394135095498,4.272999999999904
0.189,4.272118444113751
0.18903520520790648,4.271999999999903
0.1893346723679884,4.270999999999903
0.1895,4.270452110160236
0.18963635805865384,4.269999999999904
0.18993755377126928,4.268999999999904
0.19,4.268792672252147
0.19024273041989764,4.267999999999904
0.1905,4.267164607246302
0.19055131367990077,4.2669999999999035
0.19086338362442204,4.265999999999904
0.191,4.26556889467971
0.19118028153585687,4.264999999999905
0.19149930393519587,4.263999999999904
0.1915,4.263997822770904
0.19182033079255695,4.262999999999904
0.192,4.262443010334105
0.1921435025026426,4.2619999999999045
0.1924694602395085,4.260999999999905
0.1925,4.260906307606575
0.1928091469102163,4.259999999999905
0.193,4.259448275473529
0.19315780526147994,4.258999999999904
0.1935,4.258019974490503
0.19350691840789405,4.257999999999905
0.1938510162908006,4.2569999999999055
0.194,4.256560838487347
0.19419273592712077,4.255999999999905
0.1945,4.255157688898594
0.19455752284777372,4.254999999999905
0.19490646509944892,4.253999999999905
0.195,4.25373371796761
0.19527088668892228,4.252999999999906
0.1955,4.252371833902022
0.19563352150257693,4.251999999999906
0.196,4.251011161429058
0.1960042706555836,4.250999999999905
0.19638758200263132,4.249999999999906
0.1965,4.249707463426837
0.19677161313755506,4.248999999999906
0.197,4.248404500938887
0.1971570940342583,4.247999999999906
0.1975,4.247125660983379
0.19755067588217862,4.246999999999906
0.19795490847913003,4.245999999999906
0.198,4.245889749404134
0.19836304983535596,4.244999999999907
0.1985,4.2446605875091805
0.1987698728698795,4.2439999999999065
0.199,4.243464302212183
0.19919843973691154,4.242999999999906
0.1995,4.242287683511401
0.19962588307593127,4.241999999999907
0.2,4.241151898137258
0.2000621422889008,4.240999999999907
0.2004729130870754,4.239999999999907
0.2005,4.239934886517089
0.20090187568288173,4.238999999999907
0.201,4.23879067223993
0.20137664545801948,4.237999999999907
0.2015,4.237745853986841
0.2018507548899774,4.236999999999908
0.202,4.2366778059266075
0.20232110311676327,4.235999999999907
0.2025,4.235621433652101
0.20279061510702234,4.234999999999907
0.203,4.234560474144903
0.2032694081015303,4.233999999999908
0.20350000000000001,4.233535260930311
0.2037681674582801,4.232999999999908
0.20400000000000001,4.232547139013941
0.20428385140423294,4.231999999999908
0.20450000000000002,4.231586461919555
0.20479390926886487,4.2309999999999075
0.20500000000000002,4.230582090545889
0.20527961104724146,4.229999999999908
0.20550000000000002,4.229594540437381
0.20583269722105713,4.228999999999909
0.20600000000000002,4.22867307756297
0.20635575905525172,4.227999999999908
0.20650000000000002,4.227735582448164
0.20691720387734033,4.226999999999908
0.20700000000000002,4.226855554369543
0.2074532159131344,4.2259999999999085
0.20750000000000002,4.22591573125453
0.20800000000000002,4.225037839009603
0.20802269399596035,4.224999999999909
0.2085,4.2242016365845005
0.20862021937600758,4.223999999999909
0.209,4.223347614602919
0.20920793732214488,4.222999999999908
0.2095,4.222520408701276
0.20982623257725158,4.221999999999909
0.21,4.221707436631831
0.21041594656765242,4.2209999999999095
0.2105,4.220870670884047
0.211,4.220111564266698
0.21107434050963778,4.219999999999909
0.2115,4.219331371272844
0.2117104415863948,4.218999999999909
0.212,4.218546147569115
0.2123559020742428,4.217999999999909
0.2125,4.217782371046736
0.213,4.2170499314224985
0.2130355112558368,4.21699999999991
0.2135,4.2163438068987045
0.21374747092880433,4.21599999999991
0.214,4.215657014799956
0.2144502003935707,4.214999999999909
0.2145,4.214926858600017
0.215,4.214209225872396
0.2151564353268429,4.21399999999991
0.2155,4.213551042512229
0.21592847110957916,4.21299999999991
0.216,4.212908111541344
0.2165,4.212261296855335
0.216709599061967,4.21199999999991
0.217,4.211640927823795
0.2175,4.211038369035236
0.21753362291042583,4.21099999999991
0.218,4.2104145899477725
0.21831201557816618,4.20999999999991
0.2185,4.209763987081218
0.219,4.209176593280926
0.21915386922815336,4.208999999999911
0.2195,4.20860457269045
0.22,4.208048190860111
0.22004433414580093,4.2079999999999105
0.2205,4.207483702458099
0.22090471904250014,4.20699999999991
0.221,4.206884634033937
0.2215,4.206364736299277
0.22179815436449396,4.205999999999911
0.222,4.205769162244809
0.2225,4.205254138196464
0.2227443807593302,4.204999999999911
0.223,4.204739210544306
0.2235,4.204226320916447
0.2237241686131013,4.203999999999911
0.224,4.203724863640899
0.2245,4.203249927205188
0.22474427571735767,4.202999999999911
0.225,4.202727283012856
0.2255,4.202220737954294
0.22573139751022697,4.201999999999911
0.226,4.20174274645757
0.2265,4.201232979513512
0.22674187548612953,4.200999999999912
0.227,4.200765351044204
0.2275,4.200354054933915
0.22790233983613345,4.199999999999911
0.228,4.199904888358155
0.2285,4.1994790886887685
0.229,4.1990132311050745
0.2290152886264627,4.198999999999911
0.2295,4.198583516674689
0.23,4.198155898006507
0.23017830368298128,4.197999999999912
0.2305,4.197748463446244
0.231,4.197370497481896
0.231436166941796,4.196999999999912
0.2315,4.19694421943255
0.232,4.196533700549731
0.2325,4.196172546127968
0.23272176000698955,4.195999999999912
0.233,4.195788335088141
0.2335,4.195414071271457
0.234,4.1950425759273555
0.2340528451485462,4.1949999999999115
0.23450000000000001,4.1946392008892985
0.23500000000000001,4.19427498205611
0.23538716270702933,4.193999999999912
0.23550000000000001,4.193913226821731
0.23600000000000002,4.193551430165926
0.23650000000000002,4.193220455487492
0.23677851433399794,4.192999999999913
0.23700000000000002,4.192849237092929
0.23750000000000002,4.192514613569591
0.23800000000000002,4.1921689924251035
0.2382511789128005,4.191999999999912
0.23850000000000002,4.191834388356719
0.23900000000000002,4.191511781926983
0.23950000000000002,4.191192970664293
0.2397307548207011,4.190999999999912
0.24,4.190852214311622
0.2405,4.19053136717802
0.241,4.1902239723446355
0.241359220900071,4.1899999999999125
0.2415,4.189917092093879
0.242,4.189647004620234
0.2425,4.18937831101899
0.243,4.189075026783813
0.24312905692547745,4.188999999999913
0.2435,4.188791727639025
0.244,4.188493271740631
0.2445,4.188187751015452
0.24486930362286927,4.187999999999913
0.245,4.1879313266358835
0.2455,4.18765635993937
0.246,4.187407103093706
0.2465,4.187172647308641
0.24680933944211403,4.186999999999912
0.247,4.186872649782856
0.2475,4.186598634379112
0.248,4.186372877946785
0.2485,4.186129089812372
0.24879317902373468,4.185999999999913
0.249,4.185904644913381
0.2495,4.185656091980209
0.25,4.1854238438723215
0.2505,4.1851815504593235
0.2508063199169722,4.1849999999999135
0.251,4.18488797210421
0.2515,4.184639372110684
0.252,4.184466800064069
0.2525,4.18426839021561
0.253,4.184030264527589
0.25306408802387725,4.183999999999913
0.2535,4.183804206933883
0.254,4.183604922340681
0.2545,4.183356437819383
0.255,4.183153669292661
0.25541673887921673,4.182999999999913
0.2555,4.182970368942037
0.256,4.182801593952892
0.2565,4.182583571685374
0.257,4.1823630312159485
0.2575,4.182160710841094
0.258,4.182009191421184
0.2580251676962119,4.181999999999913
0.2585,4.18182373271698
0.259,4.181621157945927
0.2595,4.181431743197429
0.26,4.181272238957405
0.2605,4.181087899380566
0.26071268813787163,4.180999999999914
0.261,4.180893419323356
0.2615,4.180718601822184
0.262,4.180530047304261
0.2625,4.180392322021215
0.263,4.180225595139913
0.2635,4.180054405995574
0.2637180128068961,4.179999999999914
0.264,4.179903780802614
0.2645,4.179722161775534
0.265,4.179598021798713
0.2655,4.179430219389806
0.266,4.179280872368908
0.2665,4.179084713688516
0.26679601282524823,4.178999999999913
0.267,4.178967574217365
0.2675,4.178824229937568
0.268,4.1786560175345695
0.2685,4.178501915779014
0.269,4.178323194694337
0.2695,4.178158380192242
0.27,4.178046896560872
0.27042521465085034,4.177999999999914
0.2705,4.177980064508298
0.271,4.1778195800182045
0.2715,4.177642173244353
0.272,4.177524413561106
0.2725,4.177388213892182
0.273,4.177232570197053
0.2735,4.177109484301703
0.274,4.177002158682096
0.27401009898250167,4.176999999999914
0.2745,4.176853504658176
0.275,4.176722983661067
0.2755,4.176593273306788
0.276,4.17646431634672
0.2765,4.176354102656212
0.277,4.176248072774502
0.2775,4.176087507285595
0.2778196763350347,4.175999999999914
0.278,4.175940981369981
0.2785,4.175800045461785
0.279,4.175704055861197
0.2795,4.175583279319878
0.28,4.175460787507256
0.2805,4.175376150935762
0.281,4.175250802508049
0.28150000000000003,4.175076160135099
0.2817508408801297,4.174999999999914
0.28200000000000003,4.174931156066256
0.28250000000000003,4.174848510088385
0.28300000000000003,4.174744277093065
0.28350000000000003,4.17462794141107
0.28400000000000003,4.174501059352916
0.28450000000000003,4.174351835677072
0.28500000000000003,4.174285181136957
0.28550000000000003,4.174179674634838
0.28600000000000003,4.174031373914003
0.28609409281635,4.173999999999914
0.28650000000000003,4.173881235270068
0.28700000000000003,4.173769019170469
0.28750000000000003,4.173660065997568
0.28800000000000003,4.17356729114897
0.2885,4.173453063629916
0.289,4.1733602349904935
0.2895,4.1732244742367355
0.29,4.173064546630193
0.2903008758172599,4.172999999999915
0.2905,4.172975560257546
0.291,4.172867931829155
0.2915,4.172721844352174
0.292,4.172608733348633
0.2925,4.172518392489564
0.293,4.1723734668048005
0.2935,4.17221335444876
0.294,4.172103009149507
0.2945,4.17200224358874
0.2945154168127259,4.171999999999914
0.295,4.171910835589737
0.2955,4.171782536905241
0.296,4.171629206043517
0.2965,4.1715536443136525
0.297,4.171385313220841
0.2975,4.171240567555343
0.298,4.17111705476767
0.29842947094477,4.170999999999914
0.2985,4.170980475235121
0.299,4.170918828758757
0.2995,4.170760619471961
0.3,4.170620727971398
0.3005,4.170454833208805
0.301,4.170326411717701
0.3015,4.170195144710056
0.302,4.170045891067214
0.30216860409629376,4.169999999999915
0.3025,4.169893321936804
0.303,4.169715137759547
0.3035,4.169541804935555
0.304,4.169398976830212
0.3045,4.169269040489212
0.305,4.169116700867714
0.30540311820721117,4.168999999999915
0.3055,4.168972731161284
0.306,4.168805507543989
0.3065,4.168644428137422
0.307,4.168457237876167
0.3075,4.168271931578877
0.308,4.168065000907939
0.3081517693364707,4.167999999999915
0.3085,4.167865844513439
0.309,4.167694253623448
0.3095,4.167497889249082
0.31,4.167304166562845
0.3105,4.167105996282065
0.31076190172466306,4.1669999999999146
0.311,4.166906555676285
0.3115,4.166663847457661
0.312,4.166401877844481
0.3125,4.166164250750256
0.31290699672654254,4.165999999999915
0.313,4.165963818714861
0.3135,4.165744582999706
0.314,4.165465543444925
0.3145,4.165179497486357
0.31485704256210945,4.164999999999916
0.315,4.16492805182733
0.3155,4.164665155528574
0.316,4.16438302337207
0.3165,4.164117550977979
0.31666807896999805,4.163999999999915
0.317,4.163775062155837
0.3175,4.163514839258373
0.318,4.163184616507926
0.3183124142221105,4.162999999999915
0.3185,4.162897106458
0.319,4.162632856559239
0.3195,4.162289214893027
0.3199018797358662,4.1619999999999155
0.32,4.161931540568089
0.3205,4.161566354863258
0.321,4.161224542598235
0.3212416886235497,4.160999999999916
0.3215,4.160796041119706
0.322,4.160462579236539
0.3225,4.160096367100163
0.3226239839151856,4.159999999999916
0.323,4.15970983172992
0.3235,4.159294972157006
0.32383373719354286,4.158999999999915
0.324,4.15887043478105
0.3245,4.158489665161631
0.325,4.158078720474109
0.32509188795243377,4.157999999999916
0.3255,4.157667529259675
0.326,4.15716894203221
0.32619109425039666,4.1569999999999165
0.3265,4.156733397643284
0.327,4.156289955296114
0.32730931587402723,4.155999999999916
0.3275,4.15581886281155
0.328,4.15534016950454
0.32840498583241257,4.154999999999916
0.3285,4.154895846519858
0.329,4.1543781783603935
0.32940075529359397,4.153999999999916
0.3295,4.153904833780219
0.33,4.153406701453719
0.33038646975646235,4.152999999999917
0.3305,4.152880886287732
0.331,4.152375673024378
0.3313841245089332,4.151999999999917
0.3315,4.151889595765602
0.332,4.1513844845651615
0.33234611375927847,4.150999999999916
0.3325,4.150823800309167
0.333,4.150280700972197
0.33326489001379306,4.149999999999917
0.3335,4.149746745729348
0.334,4.149197341439572
0.3341780779838895,4.148999999999917
0.3345,4.148658835866638
0.335,4.148063897197519
0.3350534749016384,4.147999999999917
0.3355,4.1474931599151255
0.33596039942431927,4.146999999999917
0.336,4.146949960634577
0.3365,4.146369485569145
0.3368280648183292,4.145999999999917
0.337,4.145786338182406
0.3375,4.145176007470609
0.3376501415183309,4.144999999999918
0.338,4.144588042654856
0.33847909738227944,4.1439999999999175
0.3385,4.1439738261407335
0.339,4.143317478404555
0.3392398621059629,4.142999999999917
0.3395,4.142691668692823
0.34,4.142142281901964
0.34009858892859623,4.141999999999918
0.3405,4.1414407306240415
0.34086621103725195,4.140999999999918
0.341,4.140818461422629
0.3415,4.140163100577929
0.3416287716284479,4.139999999999918
0.342,4.139541889913519
0.342405997534147,4.138999999999918
0.3425,4.138874043656564
0.343,4.138246159685193
0.34317968554390976,4.137999999999918
0.3435,4.137558099470151
0.34392472948057645,4.136999999999919
0.34400000000000003,4.13690757683207
0.34450000000000003,4.13622271343045
0.3446607169592536,4.135999999999918
0.34500000000000003,4.135538258618227
0.3453976257769088,4.134999999999918
0.34550000000000003,4.134860363274759
0.34600000000000003,4.134178646985265
0.346131108106939,4.133999999999919
0.34650000000000003,4.13349924322838
0.34685266010099897,4.132999999999919
0.34700000000000003,4.1327862415598196
0.34750000000000003,4.1320914071881525
0.3475685260649656,4.131999999999919
0.34800000000000003,4.131417497883222
0.3483006989341442,4.1309999999999185
0.34850000000000003,4.130725636287052
0.34900000000000003,4.130026273305533
0.3490185842969828,4.129999999999919
0.34950000000000003,4.129309700295499
0.34971569969088945,4.12899999999992
0.35000000000000003,4.128591718275309
0.35041009054999395,4.127999999999919
0.35050000000000003,4.127868179921007
0.35100000000000003,4.127119166160872
0.35107754900663574,4.126999999999919
0.35150000000000003,4.126389142896512
0.35177093263957804,4.1259999999999195
0.352,4.125667846139682
0.35244040304173596,4.12499999999992
0.3525,4.124911731027371
0.353,4.124163298185888
0.3531065815306999,4.12399999999992
0.3535,4.123415013334277
0.3537879924111494,4.122999999999919
0.354,4.122700007060617
0.3544748429038452,4.12199999999992
0.3545,4.121962572515051
0.355,4.12119998482272
0.3551275437381588,4.1209999999999205
0.3555,4.120427626560764
0.35578365775877796,4.11999999999992
0.356,4.119661765852152
0.35643204287092406,4.11899999999992
0.3565,4.118897178897398
0.357,4.118153479287318
0.35709987427354317,4.11799999999992
0.3575,4.117383979416411
0.3577479730351363,4.116999999999921
0.358,4.116614966518903
0.3583773392922573,4.115999999999921
0.3585,4.115778616131092
0.3589819410470324,4.11499999999992
0.359,4.114972312120326
0.3595,4.114275836586298
0.35967499563200156,4.113999999999921
0.36,4.1134849150660076
0.36030279090654527,4.112999999999921
0.3605,4.112700234672955
0.3609423079002575,4.111999999999921
0.361,4.111905117206701
0.3615,4.111110993227325
0.3615702153770084,4.110999999999921
0.362,4.110308249459858
0.36218712461953506,4.109999999999921
0.3625,4.109514768937406
0.3628576775260879,4.108999999999922
0.363,4.108774941507278
0.3634756283982627,4.1079999999999215
0.3635,4.107959414841272
0.364,4.107185594635334
0.3641211203588827,4.106999999999921
0.3645,4.106405229606733
0.364731281247147,4.105999999999922
0.365,4.105560378606053
0.3653591169633917,4.104999999999922
0.3655,4.1047648660801945
0.3659535756730871,4.103999999999922
0.366,4.103921136709145
0.3665,4.103100552154032
0.3665633110782949,4.102999999999922
0.367,4.102315590422771
0.3672052730337763,4.101999999999922
0.3675,4.101541414912587
0.36784158705879827,4.100999999999923
0.368,4.100742804578832
0.36845024671368354,4.099999999999922
0.3685,4.099917083959419
0.369,4.099097606412245
0.36906074886575013,4.098999999999922
0.3695,4.098294275592388
0.36968217237666984,4.097999999999923
0.37,4.09749796359806
0.370317644420047,4.096999999999923
0.3705,4.096701006066043
0.3709255290683746,4.095999999999923
0.371,4.095876964404045
0.3715,4.095056907113034
0.3715352625406609,4.0949999999999225
0.372,4.094253947736584
0.3721615037081463,4.093999999999923
0.3725,4.093466008451169
0.3727936401957435,4.092999999999924
0.373,4.092668522151111
0.3734022213305875,4.091999999999923
0.3735,4.091834320421607
0.374,4.091050800669303
0.3740307569366641,4.090999999999923
0.3745,4.090241560681227
0.3746610597609116,4.0899999999999235
0.375,4.08947747433957
0.3753010560695472,4.088999999999924
0.3755,4.088677279791514
0.3759295216276731,4.087999999999924
0.376,4.087890311952142
0.3765,4.087118118383424
0.3765716407040053,4.086999999999923
0.377,4.0863130298887
0.37720975665549605,4.085999999999924
0.3775,4.0855123856680065
0.3777968045703039,4.0849999999999245
0.378,4.084661354331976
0.37841453845539663,4.083999999999924
0.3785,4.08386612364484
0.379,4.083126120419552
0.3790842270086278,4.082999999999924
0.3795,4.082354196235712
0.37971253824347523,4.081999999999924
0.38,4.081531084725501
0.3803407970876345,4.080999999999925
0.3805,4.080764671921244
0.3809958742392113,4.079999999999925
0.381,4.079993566435141
0.3815,4.079238254854272
0.38165355311500465,4.078999999999924
0.382,4.078454483826908
0.38228411387766975,4.077999999999925
0.3825,4.077666915498934
0.3829354518261055,4.076999999999925
0.383,4.076901643191702
0.3835,4.076152154410641
0.38360580893199897,4.075999999999925
0.384,4.075423634558705
0.38426977916976424,4.074999999999925
0.3845,4.074617983474503
0.3849048129470485,4.073999999999925
0.385,4.07388016860652
0.3855,4.07314199926737
0.3855894097745016,4.072999999999926
0.386,4.072331892247849
0.38622623763301717,4.0719999999999255
0.3865,4.071604694989628
0.3869224808197915,4.070999999999925
0.387,4.070881355148749
0.3875,4.070123653048944
0.38758232512245794,4.069999999999926
0.388,4.0693951304821265
0.38826670012380765,4.068999999999926
0.3885,4.068654327700253
0.38897455179278617,4.067999999999926
0.389,4.067961704648714
0.3895,4.067204824831856
0.3896340563359064,4.066999999999926
0.39,4.0664739501370395
0.3903367037924317,4.065999999999926
0.3905,4.06577033718003
0.391,4.065021601344758
0.3910145161674264,4.064999999999927
0.3915,4.064302967692217
0.39173678942992257,4.063999999999926
0.392,4.063604448614145
0.39239766787091696,4.062999999999926
0.3925,4.0628492036218935
0.393,4.062166023192275
0.3931252778120486,4.061999999999927
0.3935,4.061501480294065
0.39386312380861555,4.060999999999927
0.394,4.060805522126236
0.3945,4.060103166918942
0.3945745393833076,4.059999999999927
0.395,4.059401093591131
0.395265285513686,4.0589999999999264
0.3955,4.0586299903636185
0.3959939445582222,4.057999999999927
0.396,4.057992458943611
0.3965,4.0573555337683205
0.3967652280444728,4.0569999999999276
0.397,4.056684590337674
0.3975,4.056004069091289
0.3975029683563577,4.055999999999927
0.398,4.055299812857182
0.39822750220362174,4.054999999999927
0.3985,4.0546492720991845
0.399,4.054032515443026
0.39902574031204874,4.053999999999927
0.3995,4.053397007312987
0.3998068080138302,4.052999999999928
0.4,4.05274661698172
0.4005,4.0521543946393574
0.40061209089178323,4.051999999999928
0.401,4.051469368657147
0.4013533575457911,4.050999999999927
0.4015,4.050819158842794
0.402,4.050190996640892
0.40214956008390706,4.049999999999928
0.4025,4.049537778924481
0.40289437744359136,4.048999999999928
0.403,4.048858736215807
0.4035,4.048253127090872
0.4036979577805032,4.047999999999928
0.404,4.047638070132419
0.4045,4.047050877689911
0.4045426752328849,4.046999999999928
0.405,4.04641707025144
0.40531959060603373,4.045999999999928
0.4055,4.04576803448859
0.406,4.045155830015938
0.4061190131168728,4.044999999999929
0.40650000000000003,4.044562783107732
0.4069818849500436,4.0439999999999285
0.40700000000000003,4.043976666500345
0.40750000000000003,4.043390387090523
0.4078239123723296,4.042999999999928
0.40800000000000003,4.042786919291416
0.40850000000000003,4.042188695841682
0.4086586558050072,4.041999999999929
0.40900000000000003,4.041609269794632
0.40950000000000003,4.041058582987525
0.40955377034712903,4.040999999999929
0.41000000000000003,4.0404857142127435
0.41039810282841477,4.039999999999929
0.41050000000000003,4.039876104983313
0.41100000000000003,4.039282911658636
0.41125080305180095,4.038999999999929
0.41150000000000003,4.038698232287953
0.41200000000000003,4.038130827891079
0.4121213723729118,4.037999999999929
0.41250000000000003,4.037606509237293
0.41300000000000003,4.037066988420079
0.4130633794186613,4.03699999999993
0.41350000000000003,4.036524688412855
0.4139682070467997,4.035999999999929
0.41400000000000003,4.035965167745188
0.41450000000000004,4.035369823719484
0.41484331829181426,4.034999999999929
0.41500000000000004,4.034838940709553
0.41550000000000004,4.034312280742318
0.41577112933168014,4.03399999999993
0.41600000000000004,4.033758929656883
0.4165,4.033241790153318
0.41672890616337516,4.03299999999993
0.417,4.0327068221554185
0.4175,4.0322113006660905
0.4176931565258417,4.03199999999993
0.418,4.0316643854059375
0.4185,4.03113933083281
0.4186422240206577,4.0309999999999295
0.419,4.030626238886328
0.4195,4.030085909811661
0.4195814254780479,4.02999999999993
0.42,4.029583808940779
0.4205,4.029098440272107
0.4205997658963953,4.028999999999931
0.421,4.028600086971214
0.4215,4.028063821002082
0.4215571390927343,4.02799999999993
0.422,4.027599782412846
0.4225,4.027139874108199
0.42263419969442817,4.02699999999993
0.423,4.026620063277444
0.4235,4.0261103653790755
0.4236100555468881,4.0259999999999305
0.424,4.025612528881598
0.4245,4.025127291237848
0.42463823067436524,4.024999999999931
0.425,4.024666804687924
0.4255,4.024184123907381
0.4256921185179077,4.023999999999931
0.426,4.023724750497918
0.4265,4.023242231855188
0.4267601615770127,4.02299999999993
0.427,4.02278885881489
0.4275,4.022311151369549
0.42782275189238655,4.021999999999931
0.428,4.021853910660733
0.4285,4.0213809744410485
0.4289233630819572,4.0209999999999315
0.429,4.020940388812618
0.4295,4.020488707384742
0.42999968617905565,4.019999999999931
0.43,4.019999703025766
0.4305,4.019539905733206
0.431,4.019089402606091
0.43109617327751343,4.018999999999931
0.4315,4.018610056703918
0.432,4.018154975781399
0.43217321581007656,4.017999999999931
0.4325,4.017706656901613
0.433,4.017233006281994
0.4332302279253688,4.016999999999932
0.4335,4.016808580478897
0.434,4.016395364425017
0.4344240607195309,4.015999999999932
0.4345,4.015929385151477
0.435,4.015478163070894
0.4355,4.015049024860937
0.43555775693456883,4.014999999999931
0.436,4.014590788278868
0.4365,4.014162635303419
0.4366990645552051,4.013999999999932
0.437,4.013749765303202
0.4375,4.013297759033285
0.4378468220769327,4.012999999999932
0.438,4.012875883402344
0.4385,4.01245586282164
0.439,4.0120176488731465
0.4390200256946649,4.011999999999932
0.4395,4.011595210568703
0.44,4.01113241694729
0.44013815715982546,4.010999999999932
0.4405,4.010726787115001
0.441,4.0103112677222015
0.4413836892743867,4.009999999999932
0.4415,4.009910832047411
0.442,4.009470500774005
0.4425,4.009006304040428
0.4425070111181112,4.008999999999933
0.443,4.008570240209537
0.4435,4.008185797875118
0.4437290603972379,4.0079999999999325
0.444,4.007767557406747
0.4445,4.007321674523693
0.4448741007058001,4.006999999999932
0.445,4.006884948728143
0.4455,4.0064545136897705
0.446,4.006031338735427
0.4460363550189098,4.005999999999933
0.4465,4.0055778987637085
0.447,4.005164624298614
0.4471910755392777,4.004999999999933
0.4475,4.00474488567935
0.448,4.004326767807069
0.44838979685681685,4.003999999999933
0.4485,4.0039092388033035
0.449,4.003507290774395
0.4495,4.003086053608395
0.44959988886852187,4.002999999999933
0.45,4.002654363140363
0.4505,4.002224450740771
0.4507743124123381,4.001999999999933
0.451,4.001822541695396
0.4515,4.001402252822904
0.45189671057510256,4.000999999999934
0.452,4.000909771125428
0.4525,4.000480303865565
0.453,4.000053278994748
0.4530616950368591,3.9999999999999334
0.4535,3.999616825279789
0.454,3.9991822670869412
0.4542037514114306,3.9989999999999335
0.4545,3.9987225342651054
0.455,3.9982734470956665
0.45533001498832487,3.9979999999999336
0.4555,3.9978530129337693
0.456,3.9974473433527566
0.4564798012353171,3.9969999999999337
0.4565,3.9969833314289533
0.457,3.9965719514380726
0.4575,3.9961397356059334
0.4576528853252655,3.995999999999934
0.458,3.995676278864685
0.4585,3.995204884814962
0.45878089151422935,3.994999999999934
0.459,3.994816090382869
0.4595,3.9943620102994877
0.4599319641251052,3.993999999999934
0.46,3.9939322857840085
0.4605,3.9934572504608714
0.461,3.9930498357421866
0.46105636882919554,3.992999999999934
0.4615,3.9925950147990927
0.462,3.992121587327817
0.4621452048149463,3.9919999999999343
0.4625,3.9916649128635076
0.463,3.991218891773874
0.46322785429279073,3.9909999999999344
0.4635,3.990732243506786
0.464,3.990288796204491
0.46432522076856814,3.9899999999999345
0.4645,3.9898340138384336
0.465,3.989364982994882
0.46541014995156754,3.9889999999999346
0.4655,3.988921667479619
0.466,3.9884627453691675
0.4665,3.9880150070711124
0.4665177325579968,3.9879999999999347
0.467,3.987554418635891
0.4675,3.987070663039454
0.4675758614530562,3.986999999999935
0.468,3.986583065424987
0.4685,3.986101701954693
0.46861284093343775,3.985999999999935
0.46900000000000003,3.9856576026244923
0.46950000000000003,3.985228627843989
0.4697457371490804,3.984999999999935
0.47000000000000003,3.9847080914870117
0.47050000000000003,3.9842188249170527
0.47072886165163735,3.983999999999935
0.47100000000000003,3.9837436865296603
0.47150000000000003,3.9832781313961605
0.47178510177467,3.9829999999999353
0.47200000000000003,3.9827923415628814
0.47250000000000003,3.98232263133362
0.4728376436413546,3.9819999999999354
0.47300000000000003,3.9818431630921873
0.47350000000000003,3.9813248271413992
0.4738422199364556,3.9809999999999355
0.47400000000000003,3.980851578320979
0.47450000000000003,3.9803451393243536
0.4748412102292874,3.9799999999999356
0.47500000000000003,3.9798490404032436
0.47550000000000003,3.9793669162560334
0.47587734684868715,3.9789999999999357
0.47600000000000003,3.9788822382713303
0.47650000000000003,3.9784018925429403
0.4768981714556605,3.977999999999936
0.47700000000000004,3.9778912894693303
0.47750000000000004,3.977362092391247
0.4779221567034852,3.976999999999936
0.47800000000000004,3.9769280112668772
0.47850000000000004,3.9763835143317783
0.4788772134613466,3.975999999999936
0.47900000000000004,3.975873008941994
0.47950000000000004,3.97535271101286
0.4798460979802477,3.974999999999936
0.48,3.9748456046696408
0.4805,3.9743330962616468
0.48080433481267887,3.9739999999999363
0.481,3.9738145064663746
0.4815,3.97335419557569
0.48184421373224073,3.9729999999999364
0.482,3.9728314256224393
0.4825,3.972292890057495
0.4827980491466607,3.9719999999999365
0.483,3.9718052538014894
0.4835,3.97131107735291
0.4837816580757626,3.9709999999999366
0.484,3.9707434345360575
0.4845,3.9702379672862342
0.4847312139854364,3.9699999999999367
0.485,3.9696983769179375
0.4855,3.969190047547065
0.48569370900595615,3.968999999999937
0.486,3.9686683348539167
0.4865,3.968074454423305
0.4865623877925631,3.967999999999937
0.487,3.9675253788629252
0.4875,3.967033828499421
0.4875333282807339,3.966999999999937
0.488,3.966516207039647
0.4884801636393609,3.965999999999937
0.4885,3.9659806099516017
0.489,3.965426717180114
0.48938197372867714,3.9649999999999372
0.4895,3.9648780444361162
0.49,3.9643442936510245
0.4903199063053436,3.9639999999999374
0.4905,3.96380096839079
0.491,3.963250990361395
0.4912409024949244,3.9629999999999375
0.4915,3.9627694775388655
0.492,3.9621954472992513
0.4921816850206816,3.9619999999999376
0.4925,3.9616831350241406
0.493,3.9611433151663324
0.49313802237586907,3.9609999999999377
0.4935,3.9605900216846837
0.494,3.9600146841914237
0.49401330515168573,3.959999999999938
0.4945,3.959465175031629
0.49489752920988744,3.958999999999938
0.495,3.958883924222917
0.4955,3.9583550143319473
0.49583047553559884,3.957999999999938
0.496,3.957798499967699
0.4965,3.9572496224672533
0.49672147233456726,3.956999999999938
0.497,3.9566570139531523
0.4975,3.956105265106144
0.4975944999585527,3.9559999999999382
0.498,3.955544424108521
0.49847410741872733,3.9549999999999383
0.4985,3.9549700344939187
0.499,3.954389408904558
0.4993607387499881,3.9539999999999385
0.4995,3.9538544088278975
0.5,3.9533020956446303
0.5002526122948283,3.9529999999999386
0.5005000000000001,3.9527104716379657
0.501,3.952147178324079
0.5011342963477868,3.9519999999999387
0.5015000000000001,3.951587595259433
0.502,3.951026285987833
0.5020236423342724,3.950999999999939
0.5025000000000001,3.95046502731495
0.5028936635060262,3.949999999999939
0.503,3.9498773953018507
0.5035000000000001,3.9492812346195105
0.5037403740518026,3.948999999999939
0.504,3.948728517238261
0.5045000000000001,3.948142426703955
0.5046215294452969,3.947999999999939
0.505,3.9475604282717156
0.5054947209314595,3.9469999999999392
0.5055000000000001,3.946993995975068
0.506,3.9464235801326044
0.5063731770781318,3.9459999999999393
0.5065000000000001,3.945856778943102
0.507,3.945294090134892
0.5072368460861787,3.9449999999999394
0.5075000000000001,3.9446889538348717
0.508,3.944086223627105
0.5080628149540763,3.9439999999999396
0.5085000000000001,3.943470089688748
0.508938486610982,3.9429999999999397
0.509,3.9429354172105335
0.5095000000000001,3.9423476817341445
0.5097823927505174,3.9419999999999398
0.51,3.9417356706738977
0.5105000000000001,3.94113027675616
0.5106065429725855,3.94099999999994
0.511,3.940542277742229
0.5114619524976409,3.93999999999994
0.5115000000000001,3.939954933722168
0.512,3.9393845054668906
0.512344470690856,3.93899999999994
0.5125,3.9388161222221965
0.513,3.9382041029384935
0.5131613269514844,3.93799999999994
0.5135,3.9375927307998504
0.514,3.937032641570457
0.5140282987546365,3.9369999999999403
0.5145,3.9364053670039048
0.5148478559808186,3.9359999999999404
0.515,3.935813352467592
0.5155,3.935213651677633
0.5156824534216679,3.9349999999999405
0.516,3.93460634796562
0.5165,3.9340269949998414
0.516521743346734,3.9339999999999407
0.517,3.933386089197728
0.5172932846544886,3.9329999999999408
0.5175,3.932756479707836
0.518,3.9321697003428024
0.518141061237201,3.931999999999941
0.5185,3.9315941727743575
0.5189963919538361,3.930999999999941
0.519,3.9309956146416862
0.5195,3.930385331801064
0.5198100760001164,3.929999999999941
0.52,3.929778884647756
0.5205,3.9292104446238945
0.5206848087145252,3.928999999999941
0.521,3.9286121843254014
0.5214618249099949,3.9279999999999413
0.5215,3.9279525923175758
0.522,3.9273436216371653
0.5222482663124842,3.9269999999999414
0.5225,3.926690582363391
0.523,3.9261014823531037
0.5230863970894901,3.9259999999999415
0.5235,3.925475538033946
0.5238837969883609,3.9249999999999416
0.524,3.924859129976529
0.5245,3.924279400484345
0.524745923083962,3.9239999999999418
0.525,3.9236840918350473
0.5255,3.9230535464901277
0.5255426073653778,3.922999999999942
0.526,3.922470380421682
0.5263599206261528,3.921999999999942
0.5265,3.9218118871852834
0.527,3.921149586071517
0.5271254962982844,3.920999999999942
0.5275,3.9205544116965307
0.5279448501458316,3.919999999999942
0.528,3.9199288279228957
0.5285,3.91928330908113
0.5287359548387581,3.9189999999999423
0.529,3.918687116491119
0.5295,3.9180761423852957
0.5295561045947774,3.9179999999999424
0.53,3.917460020615379
0.5303760636175177,3.9169999999999425
0.5305,3.9168337250164598
0.531,3.91616020679471
0.5311220985027382,3.9159999999999426
0.5315,3.9155061314254107
0.531893274511599,3.9149999999999427
0.532,3.9148679813178235
0.5325,3.9142418063413125
0.5326900881391848,3.913999999999943
0.533,3.9135971071804727
0.5334666284973055,3.912999999999943
0.5335,3.9129574872763633
0.534,3.9123245894436285
0.5342583299308103,3.911999999999943
0.5345,3.911710558241203
0.535,3.9110923491790714
0.5350715964246179,3.910999999999943
0.5355,3.9104289849556775
0.5358338699970765,3.9099999999999433
0.536,3.909790968308338
0.5365,3.909187461143907
0.5366393168035809,3.9089999999999434
0.537,3.9085144428865264
0.5373995816451251,3.9079999999999435
0.5375,3.907878172980439
0.538,3.907227064441719
0.5381677931944862,3.9069999999999436
0.5385,3.906552040149958
0.538941089707484,3.9059999999999437
0.539,3.9059229393278514
0.5395,3.905255397531433
0.539685943725846,3.904999999999944
0.54,3.904594809391257
0.5404719338686383,3.903999999999944
0.5405,3.9039648573713728
0.541,3.9033279271785966
0.5412500903431127,3.902999999999944
0.5415,3.9026656849047137
0.542,3.902008911463091
0.5420071066822277,3.901999999999944
0.5425,3.9013834108959307
0.5428064386453184,3.9009999999999443
0.543,3.9007576013621663
0.5435,3.900072330384982
0.5435549832213207,3.8999999999999444
0.544,3.899407164491239
0.544300643163558,3.8989999999999445
0.5445,3.8987468444075764
0.545,3.898072956753657
0.5450524256104665,3.8979999999999446
0.5455,3.897432075634205
0.5458320296808483,3.8969999999999447
0.546,3.8967760008208603
0.5465,3.8960988150254536
0.5465747808195557,3.895999999999945
0.547,3.895417749134221
0.547295456724791,3.894999999999945
0.5475,3.894708043784938
0.548,3.8940840742850042
0.5480604673064318,3.893999999999945
0.5485,3.893400974763295
0.5488189039339786,3.892999999999945
0.549,3.8927765094485527
0.5495,3.892117881209678
0.5495846158067246,3.8919999999999453
0.55,3.891442817769703
0.5503301145340108,3.8909999999999454
0.5505,3.8907709418232423
0.551,3.8900756860718184
0.551053255337397,3.8899999999999455
0.5515,3.889397338410649
0.551805357622279,3.8889999999999456
0.552,3.888720530421774
0.5525,3.8880188550873163
0.5525135552741883,3.8879999999999457
0.553,3.8873805924705476
0.5532846816941247,3.886999999999946
0.5535,3.8867175543786714
0.554,3.8860575381445495
0.5540422664495953,3.885999999999946
0.5545,3.8853591102070366
0.554763035791999,3.884999999999946
0.555,3.8846885786768097
0.5555,3.8840356212732554
0.5555250937110097,3.883999999999946
0.556,3.8833419208291082
0.5562632616145169,3.8829999999999463
0.5565,3.8826969445731248
0.557,3.8820336750167246
0.557024809336892,3.8819999999999464
0.5575,3.881320528689047
0.5577328838670741,3.8809999999999465
0.558,3.880636861640795
0.5584681071076788,3.8799999999999466
0.5585,3.87995362903287
0.559,3.8792638396237002
0.5592046495016215,3.8789999999999467
0.5595,3.8786307161065556
0.5599869581956621,3.877999999999947
0.56,3.877982964436951
0.5605,3.8772449360216026
0.5606820516933341,3.876999999999947
0.561,3.8765715779496244
0.5614319552052897,3.875999999999947
0.5615,3.8759124876474673
0.562,3.8752839113502926
0.5622154843697185,3.874999999999947
0.5625,3.8746117415383607
0.5629227710561784,3.8739999999999473
0.5630000000000001,3.8738889501101355
0.5635,3.873191643859251
0.5636458201859542,3.8729999999999474
0.5640000000000001,3.8725377061675017
0.5644068385815181,3.8719999999999475
0.5645,3.871875762338031
0.5650000000000001,3.871144101311215
0.5651039942502178,3.8709999999999476
0.5655,3.8704671523486134
0.565876356243779,3.8699999999999477
0.5660000000000001,3.869841189596472
0.5665,3.869167513168611
0.5666197444706146,3.868999999999948
0.5670000000000001,3.868487956547931
0.5673601922757581,3.867999999999948
0.5675,3.8678082916714223
0.5680000000000001,3.86710050010941
0.5680718423467094,3.866999999999948
0.5685,3.8664170248343264
0.5688154611849608,3.865999999999948
0.5690000000000001,3.865755421155426
0.5695,3.8650905706295315
0.569567779766388,3.8649999999999483
0.5700000000000001,3.8644183379469093
0.5703065299716223,3.8639999999999484
0.5705,3.8637581988993914
0.5710000000000001,3.863122439246411
0.571089353055179,3.8629999999999485
0.5715,3.862408640532465
0.5717950221194926,3.8619999999999486
0.5720000000000001,3.8617260129523374
0.5725,3.861102877391254
0.5725840766167947,3.8609999999999487
0.5730000000000001,3.860479172154099
0.5733645222490115,3.859999999999949
0.5735,3.859818428179857
0.5740000000000001,3.859143322426246
0.5741055493021217,3.858999999999949
0.5745,3.8584554013960566
0.5748543544831961,3.857999999999949
0.5750000000000001,3.8578068387697737
0.5755,3.857134750433297
0.5756044145009164,3.856999999999949
0.5760000000000001,3.8564766766661096
0.5763552295582542,3.8559999999999492
0.5765,3.855805849722775
0.577,3.8551565327954
0.5771185276940642,3.8549999999999494
0.5775,3.854499644099101
0.5778939076122295,3.8539999999999495
0.578,3.8538721848428366
0.5785,3.8532049619298925
0.578640879614085,3.8529999999999496
0.579,3.8525485019190344
0.5794223335140704,3.8519999999999497
0.5795,3.851899927617848
0.58,3.851287767407592
0.5802268418692118,3.85099999999995
0.5805,3.850630798261899
0.5809897162731772,3.84999999999995
0.581,3.8499876522776706
0.5815,3.8493811818823525
0.5818055406895509,3.84899999999995
0.582,3.8487560141918937
0.5825,3.8481174482112595
0.5825875130831173,3.84799999999995
0.583,3.8474586126163683
0.583352287324369,3.8469999999999502
0.5835,3.8468031508799134
0.584,3.8461477964573585
0.5841156334724484,3.8459999999999503
0.5845,3.8455233246071616
0.5849757503911608,3.8449999999999505
0.585,3.8449695803858353
0.5855,3.84431356165261
0.5857293105180504,3.8439999999999506
0.586,3.843665955448885
0.5865,3.8430348273909716
0.5865274137144703,3.8429999999999507
0.587,3.8424170570834124
0.5873787585103715,3.841999999999951
0.5875,3.841851699445979
0.588,3.841228153206024
0.5881789112614865,3.840999999999951
0.5885,3.840579962155927
0.589,3.8400193476907
0.5890170429581176,3.839999999999951
0.5895,3.8393545629744
0.589781094565545,3.838999999999951
0.59,3.8387382357240316
0.5905,3.838157046710215
0.5906361119900385,3.8379999999999512
0.591,3.837581277775914
0.5914837144107964,3.8369999999999513
0.5915,3.8369802450302557
0.592,3.8363671971050888
0.5922944467668914,3.8359999999999514
0.5925,3.8357547800989664
0.593,3.83515518820501
0.5931277355156814,3.8349999999999516
0.5935,3.8345835119564406
0.594,3.834021150658815
0.5940174423561602,3.8339999999999517
0.5945,3.8334229572243266
0.594876143699451,3.832999999999952
0.595,3.8328653523283567
0.5955,3.8323114832208276
0.5957596487654968,3.831999999999952
0.596,3.8316898361141454
0.5965,3.8311438117075114
0.5966262076927749,3.830999999999952
0.597,3.830563613879496
0.5974650666530394,3.829999999999952
0.5975,3.8299588661473916
0.598,3.829384081438121
0.5983474390390319,3.828999999999952
0.5985,3.828833425423339
0.599,3.828282194988415
0.5992302260320704,3.8279999999999523
0.5995,3.8276732011762213
0.6,3.827109125174668
0.6001051184589196,3.8269999999999524
0.6005,3.8265667581637612
0.601,3.8260293938745185
0.6010276646325939,3.8259999999999525
0.6015,3.825453824663457
0.6019346060465368,3.8249999999999527
0.602,3.8249349184647112
0.6025,3.8244010027928588
0.6028500910220742,3.8239999999999528
0.603,3.823829809062492
0.6035,3.823304973526359
0.6037762997747911,3.822999999999953
0.604,3.822747222960758
0.6045,3.822186430803741
0.6046865459815534,3.821999999999953
0.605,3.821672797876262
0.6055,3.8211299769696803
0.6056233932183848,3.820999999999953
0.606,3.820645074791064
0.6065,3.8200705595848294
0.6065662899661499,3.819999999999953
0.607,3.8195542696649674
0.6075,3.819014334791313
0.607512113405333,3.8189999999999533
0.608,3.8184485419121823
0.6084323145854774,3.8179999999999534
0.6085,3.817930379811336
0.609,3.8174113372670075
0.6094161495806145,3.8169999999999535
0.6095,3.816917618382719
0.61,3.8164110015782633
0.6104300872636819,3.8159999999999537
0.6105,3.8159361402549674
0.611,3.815361231141862
0.6113783752427487,3.8149999999999538
0.6115,3.814877880708382
0.612,3.814383852497008
0.6123950252919496,3.813999999999954
0.6125,3.8138962580479654
0.613,3.8133795364915763
0.6133678608085509,3.812999999999954
0.6135,3.8128652429794254
0.614,3.8123638705577085
0.6143661562540048,3.811999999999954
0.6145,3.8118769562598165
0.615,3.8114072166069635
0.6154187548737975,3.810999999999954
0.6155,3.8109203915098213
0.616,3.8104199419844846
0.6164099194959254,3.8099999999999543
0.6165,3.8099132882593225
0.617,3.809426645232759
0.6174283375264354,3.8089999999999544
0.6175,3.8089280685863915
0.618,3.8084294758690307
0.618467256073693,3.8079999999999545
0.6185,3.8079679590053703
0.619,3.807488481147007
0.6195,3.8070197409918953
0.6195205356463744,3.8069999999999546
0.62,3.8065328337250195
0.6205,3.8060578636793974
0.6205627610624902,3.8059999999999548
0.621,3.8055958501171205
0.6215,3.805143847023654
0.6216717096255979,3.804999999999955
0.622,3.8046660376024004
0.6225,3.8041641586470902
0.6226805748241492,3.803999999999955
0.623,3.803722947460223
0.6235,3.8032616301864626
0.6238038795945912,3.802999999999955
0.624,3.802806748643328
0.6245,3.802337794634768
0.6249019868141195,3.801999999999955
0.625,3.8019203709263008
0.6255000000000001,3.801465638205331
0.6259375893237171,3.8009999999999553
0.626,3.800947218286267
0.6265000000000001,3.8005146158945298
0.627,3.8000846157605825
0.6271015826381345,3.7999999999999554
0.6275000000000001,3.799631932503245
0.628,3.7991925628367627
0.6282133366188061,3.7989999999999555
0.6285000000000001,3.7987329648491053
0.629,3.798275400730829
0.629321303676821,3.7979999999999556
0.6295000000000001,3.7978421161759948
0.63,3.797416194992091
0.6304816777998774,3.7969999999999557
0.6305000000000001,3.796982005577234
0.631,3.7965229509012577
0.6315000000000001,3.7961255363299147
0.6316483179704602,3.795999999999956
0.632,3.795694366911357
0.6325000000000001,3.7952458604791643
0.6327657536259638,3.794999999999956
0.633,3.7947887521358794
0.6335000000000001,3.7943536904338773
0.633897907487245,3.793999999999956
0.634,3.7939185195347847
0.6345000000000001,3.7935049367142066
0.635,3.7930714892073407
0.6350794198143339,3.792999999999956
0.6355000000000001,3.792620561182381
0.636,3.7921774125902825
0.6362087710474482,3.7919999999999563
0.6365000000000001,3.791784419667578
0.637,3.791373094593695
0.6374490610833101,3.7909999999999564
0.6375000000000001,3.79095659393073
0.638,3.7904888091765647
0.6385000000000001,3.790085409586902
0.6386030350937327,3.7899999999999565
0.639,3.789664324544455
0.6395000000000001,3.789257297839092
0.6398107797372072,3.7889999999999566
0.64,3.7888416432013874
0.6405,3.7884345125041294
0.641,3.788074127290946
0.6410980053378502,3.7879999999999567
0.6415,3.7876466442930115
0.642,3.787227689130556
0.6422940240836665,3.786999999999957
0.6425,3.786840750138581
0.643,3.7864374721232656
0.6435,3.7860049729487777
0.6435056041876926,3.785999999999957
0.644,3.7855902455823456
0.6445,3.7851768370240495
0.644725466383734,3.784999999999957
0.645,3.784779928581035
0.6455,3.7843490470654024
0.6459639737120018,3.783999999999957
0.646,3.7839712229793085
0.6465,3.7835725238297044
0.647,3.7831593132555446
0.6472009616619162,3.7829999999999573
0.6475,3.782766717614925
0.648,3.7823798267980924
0.6484748512698794,3.7819999999999574
0.6485,3.781980671874646
0.649,3.7815905478772707
0.6495,3.7812248656705063
0.6497558053549355,3.7809999999999575
0.65,3.7807849598607923
0.6505,3.7803760875707177
0.6509845010358745,3.7799999999999576
0.651,3.779986709055952
0.6515,3.7795849167293127
0.652,3.779302131041128
0.6523105739010812,3.7789999999999577
0.6525,3.7788280103417202
0.653,3.7784292802586834
0.6535,3.7780484312342453
0.6535604756100192,3.777999999999958
0.654,3.7776669603590327
0.6545,3.7772801744260223
0.6548354304683892,3.776999999999958
0.655,3.7768624322851863
0.6555,3.776453581536644
0.656,3.776099090910974
0.6561491450519202,3.775999999999958
0.6565,3.775708185062264
0.657,3.7753766032879033
0.6574733727824603,3.774999999999958
0.6575,3.774976830134333
0.658,3.774551900498566
0.6585,3.774148378366499
0.6586913230537726,3.7739999999999583
0.659,3.773771906089912
0.6595,3.7734423589076105
0.66,3.773056867004906
0.6600595091074734,3.7729999999999584
0.6605,3.7726372897763554
0.661,3.772292928267495
0.6614026634112725,3.7719999999999585
0.6615,3.7719277293264213
0.662,3.771556115477636
0.6625,3.7711723074454175
0.6627188109925519,3.7709999999999586
0.663,3.7707826618168463
0.6635,3.770410886604169
0.664,3.7700183453949188
0.6640231919914598,3.7699999999999587
0.6645,3.769628403181019
0.665,3.7692688031984796
0.6653815309302106,3.768999999999959
0.6655,3.7689125674271193
0.666,3.76853271318658
0.6665,3.768177603961485
0.6667485202329749,3.767999999999959
0.667,3.767813572842777
0.6675,3.767432528237359
0.668,3.767062109098048
0.6680815215111371,3.766999999999959
0.6685,3.7666747032485306
0.669,3.7662770765903684
0.6693648786653902,3.765999999999959
0.6695,3.765907635190583
0.67,3.765578865455834
0.6705,3.765180143415948
0.6707092115733109,3.7649999999999593
0.671,3.7647797347289416
0.6715,3.76445951081524
0.672,3.7640629745907197
0.6720901872716655,3.7639999999999594
0.6725,3.763711908467431
0.673,3.7633562383984924
0.6734878477007923,3.7629999999999595
0.6735,3.76299106014033
0.674,3.7625960125426046
0.6745,3.762245729863526
0.6748471239461002,3.7619999999999596
0.675,3.7618864228744235
0.6755,3.761494540553731
0.676,3.7611174619609837
0.676150929704371,3.7609999999999597
0.6765,3.760728249635931
0.677,3.7603626052875563
0.6775,3.7600066650886856
0.6775090605231899,3.75999999999996
0.678,3.7596532962743647
0.6785,3.759314442995751
0.6789246979370674,3.75899999999996
0.679,3.7589432024651988
0.6795,3.758571875229504
0.68,3.7582200068074005
0.6803226988367872,3.75799999999996
0.6805,3.7578804132077024
0.681,3.7575049568105667
0.6815,3.7571314516562335
0.6817281608077596,3.75699999999996
0.682,3.7567798672416712
0.6825,3.756390013750916
0.683,3.7560407888321126
0.6830563161223049,3.7559999999999603
0.6835,3.755646451870526
0.684,3.7553039664229537
0.6844135964184396,3.7549999999999604
0.6845,3.75492819021781
0.685,3.754554209183744
0.6855,3.7542006407099153
0.6857939422604575,3.7539999999999605
0.686,3.75385787158993
0.6865,3.7534803061883006
0.687,3.753114760775628
0.6871550575055657,3.7529999999999606
0.6875,3.752740508048217
0.6880000000000001,3.752378710836289
0.6885,3.752037983326166
0.6885510893330637,3.7519999999999607
0.6890000000000001,3.7516875369674616
0.6895,3.7513158796362793
0.6898835251318959,3.750999999999961
0.6900000000000001,3.7509191098229038
0.6905,3.750599810942847
0.6910000000000001,3.750241767024825
0.6912956873144218,3.749999999999961
0.6915,3.7498363993611874
0.6920000000000001,3.7494692940384016
0.6925,3.7491409136181937
0.6927118687894858,3.748999999999961
0.6930000000000001,3.7488052116068924
0.6935,3.7484115950356585
0.6940000000000001,3.7480889361724112
0.6941246436699401,3.747999999999961
0.6945,3.747716710911163
0.6950000000000001,3.7473537011058093
0.6954708913034728,3.7469999999999613
0.6955,3.7469775021654197
0.6960000000000001,3.746572955585911
0.6965,3.746257094642244
0.6968885638471021,3.7459999999999614
0.6970000000000001,3.7459125785650995
0.6975,3.745549517792912
0.6980000000000001,3.745182614002852
0.698247942558868,3.7449999999999615
0.6985,3.744813091069166
0.6990000000000001,3.7444362104107745
0.6995,3.744059826303644
0.6995802848336895,3.7439999999999616
0.7000000000000001,3.7437215118554175
0.7005,3.743367047442775
0.7010000000000001,3.7430188179317705
0.7010242419850643,3.7429999999999617
0.7015,3.7426438579891372
0.7020000000000001,3.7422842257518902
0.7023994821503738,3.741999999999962
0.7025,3.741929098946414
0.7030000000000001,3.741557161046439
0.7035,3.7411647267835275
0.7037230024262024,3.740999999999962
0.704,3.7408144843574003
0.7045,3.7404765486813814
0.705,3.740127672769859
0.705167799522743,3.739999999999962
0.7055,3.7397458709882905
0.706,3.7393833693720646
0.7065,3.7390137148151603
0.7065175731597847,3.738999999999962
0.707,3.73861284500043
0.7075,3.7382897752460136
0.7078761865184997,3.7379999999999622
0.708,3.7379215010167557
0.7085,3.7376236805362195
0.709,3.737263572795734
0.7093485867797139,3.7369999999999624
0.7095,3.736881096116617
0.71,3.736472829256992
0.7105,3.7361141268760565
0.7106830464109206,3.7359999999999625
0.711,3.735788024519605
0.7115,3.7354109795517494
0.712,3.735074820047302
0.7121031542387003,3.7349999999999626
0.7125,3.7346275015496495
0.713,3.7342742680099446
0.7134193410925639,3.7339999999999627
0.7135,3.733944587311977
0.714,3.7335865453855566
0.7145,3.73320047388568
0.714777003724402,3.732999999999963
0.715,3.732846768721354
0.7155,3.7325481759429464
0.716,3.732164084645728
0.7162047835886466,3.731999999999963
0.7165,3.7317606762559277
0.717,3.7314111050687786
0.7175,3.7310480458342985
0.7175593265156422,3.730999999999963
0.718,3.7306546466264567
0.7185,3.7302871605429977
0.718919520383082,3.729999999999963
0.719,3.72994985026959
0.7195,3.7295796605265856
0.72,3.729203272879722
0.7203124167589685,3.7289999999999632
0.7205,3.7288681166695072
0.721,3.728505007677857
0.7215,3.7281371297890975
0.7216817099204956,3.7279999999999633
0.722,3.7277528238130895
0.7225,3.727407499049513
0.723,3.7270371597259158
0.7230552080166963,3.7269999999999635
0.7235,3.7266803720616073
0.724,3.726317221728634
0.7244935695071477,3.7259999999999636
0.7245,3.725995834519765
0.725,3.725613605931527
0.7255,3.7252223201823944
0.7258018674459992,3.7249999999999637
0.726,3.724836888637078
0.7265,3.724473068251428
0.727,3.724128088195821
0.7271751496597016,3.723999999999964
0.7275,3.7237545749150147
0.728,3.7233758294745347
0.7285,3.723038852740348
0.728557379437137,3.722999999999964
0.729,3.7226775448821203
0.7295,3.722313185242329
0.7298842527448389,3.721999999999964
0.73,3.721921319724589
0.7305,3.7215611788027942
0.731,3.721222115571691
0.731326663815029,3.720999999999964
0.7315,3.720873167936078
0.732,3.72043229386337
0.7325,3.7200295950006117
0.7325417871098399,3.7199999999999642
0.733,3.7196753122714967
0.7335,3.719323912429102
0.734,3.719032414180663
0.7340513530929084,3.7189999999999643
0.7345,3.718664041586412
0.735,3.718257536382526
0.7353488883722363,3.7179999999999644
0.7355,3.7178851235412127
0.736,3.717482128804751
0.7365,3.7170904451921154
0.7366403443552402,3.7169999999999646
0.737,3.7167723981853107
0.7375,3.716439838052428
0.738,3.7160790311981953
0.738107520011759,3.7159999999999647
0.7385,3.715690639098741
0.739,3.7153099175086672
0.7394232684274445,3.7149999999999648
0.7395,3.7149470489819527
0.74,3.7145921450535293
0.7405,3.714194861738469
0.7407480403955529,3.713999999999965
0.741,3.7138255838058063
0.7415,3.7134578888961145
0.742,3.7130295554113215
0.7420422838658608,3.712999999999965
0.7425,3.7126744341736435
0.743,3.712314507013202
0.7434596705765125,3.711999999999965
0.7435,3.7119729117888807
0.744,3.7116245701738237
0.7445,3.711262466496092
0.7448719227311631,3.710999999999965
0.745,3.7108845324623365
0.7455,3.7104994186074096
0.746,3.710172432919384
0.7462161914100057,3.7099999999999653
0.7465,3.709762824109261
0.747,3.7093625154522263
0.7475,3.709025635374824
0.7475403514834427,3.7089999999999654
0.748,3.708678619775572
0.7485,3.708279808693888
0.7488697321285249,3.7079999999999655
0.749,3.7079040964872383
0.7495,3.7075441103399918
0.75,3.7071815230450507
0.7502485178559429,3.7069999999999657
0.7505000000000001,3.706806983963754
0.751,3.706441953572753
0.7515000000000001,3.7060802926709364
0.7516056761158231,3.7059999999999658
0.752,3.7057054456991776
0.7525000000000001,3.7053246899842343
0.7529256715223539,3.704999999999966
0.753,3.7049451223020395
0.7535000000000001,3.704630890246069
0.754,3.7042440075825773
0.7543199155526731,3.703999999999966
0.7545000000000001,3.7038699504183477
0.755,3.7035016277671335
0.7555000000000001,3.7031050527277687
0.7556425334600951,3.702999999999966
0.756,3.7027634490606927
0.7565000000000001,3.7023720015330706
0.757,3.7020037726805115
0.7570047080156743,3.701999999999966
0.7575000000000001,3.701631280347522
0.758,3.701276499128972
0.7583817485704043,3.7009999999999663
0.7585000000000001,3.700914173592559
0.759,3.700545688184334
0.7595000000000001,3.700147901608569
0.7596801060049876,3.6999999999999664
0.76,3.6997528725360467
0.7605000000000001,3.6993806479373514
0.761,3.6990415232481357
0.7610667286093565,3.6989999999999665
0.7615000000000001,3.698714574151322
0.762,3.698337490008597
0.7624647500725599,3.6979999999999666
0.7625000000000001,3.6979753940306153
0.763,3.697614778342644
0.7635000000000001,3.697272966251013
0.7638967255177067,3.6969999999999668
0.764,3.6969094485019887
0.7645000000000001,3.6964758675349283
0.765,3.6961146006576855
0.7651732267776653,3.695999999999967
0.7655000000000001,3.6957742844521246
0.766,3.69540363870764
0.7665000000000001,3.6950254815103465
0.766532311479512,3.694999999999967
0.767,3.694668463354326
0.7675000000000001,3.694281805077091
0.7678923358881614,3.693999999999967
0.768,3.6939268102556966
0.7685,3.6935650869820633
0.769,3.693192401146104
0.7692498334529773,3.692999999999967
0.7695,3.6928183476110075
0.77,3.692471140540884
0.7705,3.69206581474979
0.7705981824172391,3.6919999999999673
0.771,3.6917092790563326
0.7715,3.69131368347844
0.7719741360109073,3.6909999999999674
0.772,3.6909816904799335
0.7725,3.6906197837457433
0.773,3.6902431402489073
0.7733337566934857,3.6899999999999675
0.7735,3.689882846064652
0.774,3.6895322499403678
0.7745,3.689136898709663
0.7746679587483798,3.6889999999999676
0.775,3.688773052403483
0.7755,3.6884305747481343
0.776,3.688061970933081
0.7760881582274012,3.6879999999999677
0.7765,3.687719609947685
0.777,3.68736653318749
0.7774690871709131,3.686999999999968
0.7775,3.6869753950832935
0.778,3.6866054010590945
0.7785,3.686242566858692
0.7788318609836057,3.685999999999968
0.779,3.6858733368565466
0.7795,3.6855102451306276
0.78,3.6851417224218377
0.7802183625100263,3.684999999999968
0.7805,3.6848186892789863
0.781,3.684474499436124
0.7815,3.684052769412874
0.7815565051606881,3.683999999999968
0.782,3.683655934281755
0.7825,3.683309969018516
0.7829633709600932,3.6829999999999683
0.783,3.682974410758365
0.7835,3.682606462946974
0.784,3.682228140600914
0.7843262440082381,3.6819999999999684
0.7845,3.6818791875916532
0.785,3.681518136831765
0.7855,3.6811646532759905
0.7857294477411244,3.6809999999999685
0.786,3.680788822102496
0.7865,3.680432264053153
0.787,3.6800605786288934
0.787078286182855,3.6799999999999686
0.7875,3.6797053349506657
0.788,3.679339398565977
0.7884691132815533,3.6789999999999687
0.7885,3.678977509586636
0.789,3.678607121251605
0.7895,3.6782249372252647
0.7898164005318559,3.677999999999969
0.79,3.6778696007825173
0.7905,3.6774975306406743
0.791,3.6771394820036347
0.791198978754005,3.676999999999969
0.7915,3.6767999228981982
0.792,3.6764738363934875
0.7925,3.6761208368217932
0.7926530790620966,3.675999999999969
0.793,3.6757268297217793
0.7935,3.6753466375845503
0.7939844111801551,3.674999999999969
0.794,3.674988996455917
0.7945,3.674600200037995
0.795,3.6742135079739264
0.7953177296253298,3.6739999999999693
0.7955,3.6738765843236374
0.796,3.6735212022009582
0.7965,3.6731696180904763
0.7967264173542414,3.6729999999999694
0.797,3.672781813585578
0.7975,3.6725036204572388
0.798,3.672147786105663
0.7981744045042555,3.6719999999999695
0.7985,3.671747946731151
0.799,3.6713747407769417
0.7995,3.671003430988491
0.799504559333702,3.6709999999999696
0.8,3.670633155682451
0.8005,3.67029639632532
0.8008952357465564,3.6699999999999697
0.801,3.669905538100131
0.8015,3.6695059426894683
0.802,3.6691653284219914
0.8022323947262856,3.66899999999997
0.8025,3.6688197248696355
0.803,3.668492436853284
0.8035,3.6681154217302776
0.8036471464518445,3.66799999999997
0.804,3.667728257974067
0.8045,3.6673546705937525
0.8049925386641417,3.66699999999997
0.805,3.6669940468785613
0.8055,3.666614242042515
0.806,3.666288438196155
0.8064206248278148,3.66599999999997
0.8065,3.6659432283074187
0.807,3.6655721929577005
0.8075,3.6652117165547735
0.8078356414220361,3.6649999999999703
0.808,3.6648571828281375
0.8085,3.6644599097950032
0.809,3.6641215470699247
0.809146464675062,3.6639999999999704
0.8095,3.6637047782593166
0.81,3.6633599826095464
0.8105,3.6630305935911447
0.8105437785584871,3.6629999999999705
0.811,3.6626726072565226
0.8115,3.662308166135447
0.8118814808415453,3.6619999999999706
0.812,3.661903881582573
0.8125,3.661507724809609
0.8130000000000001,3.6611363271344537
0.8131856679911846,3.6609999999999707
0.8135,3.660766896549288
0.8140000000000001,3.660397042539714
0.8145,3.660069707010307
0.8146117326020125,3.659999999999971
0.8150000000000001,3.6597365684837846
0.8155,3.659372765947823
0.8159619124720893,3.658999999999971
0.8160000000000001,3.6589675205178183
0.8165,3.6585451273647585
0.8170000000000001,3.6582274176877996
0.8172960004140034,3.657999999999971
0.8175,3.6578501526019025
0.8180000000000001,3.6574813011336995
0.8185,3.6570901715708697
0.8186176487030209,3.656999999999971
0.8190000000000001,3.656715802525598
0.8195,3.656343635304634
0.8199854670110632,3.6559999999999713
0.8200000000000001,3.655989689365951
0.8205,3.6556253312982845
0.8210000000000001,3.655229708317027
0.8212854075322714,3.6549999999999714
0.8215,3.6548317397489223
0.8220000000000001,3.6544734091459814
0.8225,3.6540878449543595
0.8226060195642008,3.6539999999999715
0.8230000000000001,3.6537090019555047
0.8235,3.653321229030988
0.8239588367741351,3.6529999999999716
0.8240000000000001,3.6529672217938947
0.8245,3.6525784751455976
0.8250000000000001,3.652214595766198
0.8252823280430601,3.6519999999999717
0.8255,3.651819813044148
0.8260000000000001,3.651462964914852
0.8265,3.6511480249337223
0.8266882811964393,3.650999999999972
0.8270000000000001,3.6507363968017157
0.8275,3.6503167271625285
0.8279705202287059,3.649999999999972
0.8280000000000001,3.649981832570537
0.8285,3.649603654402567
0.8290000000000001,3.649201736278991
0.8292533570720305,3.648999999999972
0.8295,3.6488079347809275
0.8300000000000001,3.6484226688425823
0.8305,3.6480424935616886
0.8305561858113216,3.647999999999972
0.8310000000000001,3.647671105705694
0.8315,3.6472954845318197
0.8318777045837414,3.6469999999999723
0.8320000000000001,3.6469161623135316
0.8325,3.6465364561210403
0.833,3.646132324107293
0.8331787774220044,3.6459999999999724
0.8335,3.6457668433372445
0.834,3.645345025405482
0.834458174061499,3.6449999999999725
0.8345,3.644976435977022
0.835,3.6446014245216665
0.8355,3.644237463089407
0.8358082306794886,3.6439999999999726
0.836,3.643848526103607
0.8365,3.643456477504468
0.837,3.6430979205405025
0.8371370900644222,3.6429999999999727
0.8375,3.6427139019217383
0.838,3.6423254828488725
0.8383816331226556,3.641999999999973
0.8385,3.6418995612673166
0.839,3.6414888171626503
0.8395,3.641098689660408
0.8396263929022476,3.640999999999973
0.84,3.640717709028346
0.8405,3.6403373920458635
0.8409129443573697,3.639999999999973
0.841,3.639942746284108
0.8415,3.6395817409424374
0.842,3.639186957436728
0.8422539923157477,3.638999999999973
0.8425,3.638781148392217
0.843,3.6383916865122834
0.8435,3.6380238243164884
0.843530200413808,3.6379999999999733
0.844,3.637615585130943
0.8445,3.6371911872285962
0.844746129109802,3.6369999999999734
0.845,3.636825984905831
0.8455,3.6364187109675554
0.846,3.636029142300483
0.8460373189460096,3.6359999999999735
0.8465,3.635635521422352
0.847,3.63524513705288
0.8473111743645567,3.6349999999999736
0.8475,3.63484797567974
0.848,3.6344609553647387
0.8485,3.6340945864126244
0.8486043784640511,3.6339999999999737
0.849,3.6336670599910113
0.8495,3.6332407460350384
0.849801338797321,3.632999999999974
0.85,3.6328567241686933
0.8505,3.632489750196165
0.851,3.6320650779532837
0.8510775446169563,3.631999999999974
0.8515,3.6316746386246748
0.852,3.631308807571273
0.8523788605851569,3.630999999999974
0.8525,3.6308979122729994
0.853,3.6304668766975894
0.8535,3.630064993596256
0.8535760364835476,3.629999999999974
0.854,3.6296608260798533
0.8545,3.6293059523532296
0.8548736236922327,3.6289999999999742
0.855,3.6288904160524207
0.8555,3.6284750092698004
0.856,3.6280548330388704
0.8560609797537486,3.6279999999999744
0.8565,3.62761331375002
0.857,3.627210307051215
0.8572776270131578,3.6269999999999745
0.8575,3.6268331089321975
0.858,3.6264123478724577
0.8585,3.626039740517825
0.8585531836322302,3.6259999999999746
0.859,3.625638576929293
0.8595,3.625205500960273
0.8597557953904378,3.6249999999999747
0.86,3.6248124448396855
0.8605,3.6244664729148983
0.861,3.6240041229048057
0.8610046606792839,3.623999999999975
0.8615,3.623607089628696
0.862,3.623244400748102
0.8622703022982395,3.622999999999975
0.8625,3.6227845792326288
0.863,3.622367998947867
0.8634764463395918,3.621999999999975
0.8635,3.6219818499088077
0.864,3.6215694771350506
0.8645,3.621130369603589
0.8646655176856263,3.620999999999975
0.865,3.6207442808205426
0.8655,3.620325469755487
0.8658797015813107,3.6199999999999752
0.866,3.619899117951991
0.8665,3.6195048026640646
0.867,3.6191198042773487
0.8671492368541176,3.6189999999999753
0.8675,3.6187140407827973
0.868,3.6183019547657986
0.8683939610169941,3.6179999999999755
0.8685,3.6179201134709875
0.869,3.61754388435548
0.8695,3.617131216843472
0.869636479498834,3.6169999999999756
0.87,3.6166585667611026
0.8705,3.616257150364257
0.8708171764246609,3.6159999999999757
0.871,3.6158641350647405
0.8715,3.6154479637794714
0.872,3.6150995794263783
0.8721135645559994,3.614999999999976
0.8725,3.6146616076540767
0.873,3.614247766382336
0.8733253363125691,3.613999999999976
0.8735,3.6138593805955987
0.874,3.6134403143417964
0.8745,3.6130384476421264
0.8745528343637012,3.612999999999976
0.875,3.6126529862658607
0.8755000000000001,3.6122210052948
0.8757912328112746,3.611999999999976
0.876,3.611816204833906
0.8765000000000001,3.611391589432994
0.877,3.6110440723335078
0.8770597415920007,3.6109999999999762
0.8775000000000001,3.6106649818111682
0.878,3.6102468285098612
0.8782959231168567,3.6099999999999763
0.8785000000000001,3.609837885955862
0.879,3.6094613801835984
0.8795000000000001,3.60902550962659
0.879531944569426,3.6089999999999764
0.88,3.608621613390784
0.8805000000000001,3.608224529429963
0.8808125826958435,3.6079999999999766
0.881,3.607872557139966
0.8815000000000001,3.6074620205409564
0.882,3.6070459185462367
0.8820558386696747,3.6069999999999767
0.8825000000000001,3.606653455909982
0.883,3.60629122524105
0.8833671198385804,3.605999999999977
0.8835000000000001,3.6058907805595304
0.884,3.605486557694854
0.8845000000000001,3.6050992973316576
0.8846268523330902,3.604999999999977
0.885,3.6047080046450715
0.8855000000000001,3.6043126732038377
0.8859113123757731,3.603999999999977
0.886,3.6039351345046517
0.8865000000000001,3.6035330101910295
0.887,3.603160162896266
0.8872219179286202,3.602999999999977
0.8875000000000001,3.6027918228643716
0.888,3.6024094379796834
0.8885000000000001,3.602022246961742
0.8885285456759099,3.601999999999977
0.889,3.6016050140219833
0.8895000000000001,3.601251879190419
0.8898161304057313,3.6009999999999773
0.89,3.60088296034484
0.8905000000000001,3.6005261941064335
0.891,3.6001378962890214
0.891177723169983,3.5999999999999774
0.8915000000000001,3.5997493172299193
0.892,3.5993520819961162
0.8924621276063859,3.5989999999999776
0.8925000000000001,3.5989730089970733
0.893,3.5985978790758657
0.8935000000000001,3.5981618034550813
0.8937431333481664,3.5979999999999777
0.894,3.5978400290495736
0.8945000000000001,3.597477783044869
0.895,3.597089450943207
0.8951269860977686,3.5969999999999778
0.8955000000000001,3.596742927602768
0.896,3.5963744028981055
0.8965,3.596035206190976
0.8965442638475799,3.595999999999978
0.897,3.595648702084488
0.8975,3.5952756741731844
0.8978642386851589,3.594999999999978
0.898,3.5949010981331564
0.8985,3.594546895794366
0.899,3.594194093418643
0.8992631215965177,3.593999999999978
0.8995,3.5938270622160355
0.9,3.5934757819733836
0.9005,3.5931171763911314
0.9006452341484851,3.592999999999978
0.901,3.592675554898015
0.9015,3.592343145171583
0.9019819382875401,3.5919999999999783
0.902,3.591987417928163
0.9025,3.591637299063321
0.903,3.5912685294298656
0.9033588510728444,3.5909999999999784
0.9035,3.5908949911628025
0.904,3.590542764127447
0.9045,3.590190998543791
0.9047658988235365,3.5899999999999785
0.905,3.5898450160036846
0.9055,3.5894774333771418
0.906,3.5891002348465935
0.9061315547617792,3.5889999999999787
0.9065,3.588732652269645
0.907,3.5884127467581424
0.9075,3.5880911073424326
0.9076392755680094,3.5879999999999788
0.908,3.5877132487039924
0.9085,3.587362386728495
0.909,3.5870271262396733
0.9090436173104639,3.586999999999979
0.9095,3.5866759360162668
0.91,3.5862914580900687
0.9104496935572893,3.585999999999979
0.9105,3.585969018599481
0.911,3.585604321520022
0.9115,3.5852652582175324
0.9118963299288569,3.584999999999979
0.912,3.584930596598609
0.9125,3.584547284430752
0.913,3.5841921271230697
0.913306921921283,3.583999999999979
0.9135,3.5838738246034887
0.914,3.5835209662378706
0.9145,3.5831636273684113
0.9147211529543234,3.5829999999999793
0.915,3.58279457349039
0.9155,3.5824468027301037
0.916,3.5821096566201245
0.9161408616553672,3.5819999999999794
0.9165,3.5817417055833127
0.917,3.581406089790198
0.9175,3.5810738870592904
0.9176119935929604,3.5809999999999795
0.918,3.5807369342206035
0.9185,3.5803907197019766
0.919,3.5800495044716287
0.9190769206387556,3.5799999999999796
0.9195,3.57973627946728
0.92,3.579388765136562
0.9205,3.5790470031302215
0.9205662132649963,3.5789999999999798
0.921,3.578703071580781
0.9215,3.5783786420505455
0.922,3.5780076456483254
0.9220099854496487,3.57799999999998
0.9225,3.577687424309793
0.923,3.5773958595552866
0.9235,3.577020931893831
0.9235303969696609,3.57699999999998
0.924,3.576673853970103
0.9245,3.5762963630371623
0.9249406070426656,3.57599999999998
0.925,3.575962710060676
0.9255,3.575628282881905
0.926,3.575266722418865
0.9264306428978142,3.57499999999998
0.9265,3.574957434954441
0.927,3.574588128761307
0.9275,3.5742399168295216
0.9278469221395184,3.5739999999999803
0.928,3.5739031111203685
0.9285,3.573616962802939
0.929,3.573298085944532
0.9294364232758453,3.5729999999999804
0.9295,3.5729554721654475
0.93,3.572602120978353
0.9305,3.5722921955765097
0.9308911693610981,3.5719999999999805
0.931,3.571935342542031
0.9315,3.5716132971873145
0.932,3.5712627756953474
0.9323575026405806,3.5709999999999806
0.9325,3.570894186611575
0.933,3.5705460629248686
0.9335,3.570248276669591
0.9338754091856869,3.5699999999999807
0.934,3.569913652301119
0.9345,3.569522575591302
0.935,3.56916490964048
0.9352776348660079,3.568999999999981
0.9355,3.56885477371067
0.936,3.568512487532136
0.9365,3.56818953652806
0.9367869105806627,3.567999999999981
0.937,3.5678582468097773
0.9375,3.5675390340961823
0.9380000000000001,3.5671858876096056
0.9382738841728714,3.566999999999981
0.9385,3.566834363706668
0.9390000000000001,3.5664953568323243
0.9395,3.566138859017275
0.9396929147951715,3.565999999999981
0.9400000000000001,3.5657816794331296
0.9405,3.565438614404961
0.9410000000000001,3.565087726766666
0.9411213977304027,3.5649999999999813
0.9415,3.5647423741558435
0.9420000000000001,3.5643808999423654
0.9425,3.564043592316231
0.9425592127981436,3.5639999999999814
0.9430000000000001,3.5637012772629455
0.9435,3.5633649971880956
0.9439550359616392,3.5629999999999815
0.9440000000000001,3.562963734301752
0.9445,3.5626117441978056
0.9450000000000001,3.5622627886887943
0.9453658142604832,3.5619999999999816
0.9455,3.5619196266917235
0.9460000000000001,3.5615898950368443
0.9465,3.561249149908274
0.9468380609276607,3.5609999999999817
0.9470000000000001,3.5608770803326975
0.9475,3.5605053115954677
0.9480000000000001,3.5601217365548643
0.9481641277357565,3.559999999999982
0.9485,3.559771103211827
0.9490000000000001,3.5594251469979006
0.9495,3.559004867214201
0.9495056626849095,3.558999999999982
0.9500000000000001,3.558597142662575
0.9505,3.5582492646136297
0.9508226317834171,3.557999999999982
0.9510000000000001,3.5578609365488196
0.9515,3.557461503530181
0.9520000000000001,3.557092355735436
0.9521216441224265,3.556999999999982
0.9525,3.556703476747918
0.9530000000000001,3.556303445529266
0.9533847147207114,3.5559999999999823
0.9535,3.555903460382964
0.9540000000000001,3.5555192989485422
0.9545,3.5551167783693485
0.9546317763787702,3.5549999999999824
0.9550000000000001,3.5546770329192694
0.9555,3.554265708361048
0.9558443045626364,3.5539999999999825
0.9560000000000001,3.55388019066056
0.9565,3.553466537445192
0.9570000000000001,3.553011980737593
0.9570132149633642,3.5529999999999826
0.9575,3.552578890219742
0.9580000000000001,3.5521768132547966
0.9582072959293152,3.5519999999999827
0.9585,3.551730881602096
0.9590000000000001,3.551273702018453
0.9592959570395836,3.550999999999983
0.9595,3.550809311039558
0.96,3.5503406934009556
0.9603934283141736,3.549999999999983
0.9605,3.549916123412592
0.961,3.549474080393425
0.9614621981066779,3.548999999999983
0.9615,3.548961362871849
0.962,3.548529568557079
0.9625,3.5480565898599563
0.9625563253846908,3.547999999999983
0.963,3.5475563705753412
0.9635,3.547064834044932
0.9635663507067005,3.5469999999999833
0.964,3.5465515631166924
0.9645,3.5460731969210375
0.9645658537019125,3.5459999999999834
0.965,3.5455221568202275
0.9654963749641836,3.5449999999999835
0.9655,3.5449962905994674
0.966,3.5444665209421498
0.9663975735435757,3.5439999999999836
0.9665,3.543880096629327
0.967,3.543319815064735
0.9672949021231977,3.5429999999999837
0.9675,3.5427355374099947
0.968,3.542145321716705
0.968131479414739,3.541999999999984
0.9685,3.541559930484155
0.9689319413130516,3.540999999999984
0.969,3.5409107112845724
0.9695,3.5402532252189736
0.9696923593087012,3.539999999999984
0.97,3.539603579164038
0.9704643938514017,3.538999999999984
0.9705,3.5389531334520035
0.971,3.53823882290936
0.9711638983386027,3.5379999999999843
0.9715,3.53750533945124
0.9718279502556375,3.5369999999999844
0.972,3.536743401759955
0.9725,3.536000409497362
0.9725002748776699,3.5359999999999845
0.973,3.5352457033287883
0.9731597117295712,3.5349999999999846
0.9735,3.534467256695687
0.9737893396948437,3.5339999999999847
0.974,3.533654993085757
0.9743883446339238,3.532999999999985
0.9745,3.532803218139018
0.9749436450716645,3.531999999999985
0.975,3.531894341049609
0.9755,3.531004364477524
0.9755025202071396,3.530999999999985
0.976,3.5300248331313786
0.9760131965154643,3.529999999999985
0.9765,3.5290770554735973
0.9765393272653045,3.5289999999999853
0.977,3.52807442526942
0.977035593236939,3.5279999999999854
0.977499254527089,3.5269999999999855
0.9775,3.526998353580288
0.9779422757146683,3.5259999999999856
0.978,3.5258681910627048
0.9783781546810542,3.5249999999999857
0.9785,3.524718695990264
0.978803180706909,3.523999999999986
0.979,3.523516640399809
0.9792038850763601,3.522999999999986
0.9795,3.5222790783828617
0.9796173682745012,3.521999999999986
0.9799945276318307,3.520999999999986
0.98,3.5209848855907673
0.980353900871704,3.5199999999999863
0.9805,3.5195914016848593
0.9807053432284366,3.5189999999999864
0.981,3.5181385082187235
0.9810455921669591,3.5179999999999865
0.9813747579549161,3.5169999999999866
0.9815,3.516612054679423
0.9816973170197931,3.5159999999999867
0.982,3.515057305553175
0.9820183631127105,3.514999999999987
0.9823383979041393,3.513999999999987
0.9825,3.513494066532657
0.982654272286937,3.512999999999987
0.9829379080796737,3.511999999999987
0.983,3.511781085737696
0.9832295965232952,3.5109999999999872
0.9835,3.510076701776787
0.9835212503546527,3.5099999999999874
0.9837983020155046,3.5089999999999875
0.984,3.508232440676879
0.9840594210040564,3.5079999999999876
0.9843146813162085,3.5069999999999877
0.9845,3.506266254949893
0.9845672468139486,3.505999999999988
0.9848176931144665,3.504999999999988
0.985,3.504265414646993
0.9850658697011493,3.503999999999988
0.9853079348871999,3.502999999999988
0.9855,3.5022019326959417
0.9855481875464774,3.5019999999999882
0.9857843796758062,3.5009999999999883
0.986,3.500081883207431
0.9860189456870695,3.4999999999999885
0.9862503201979262,3.4989999999999886
0.9864728597288449,3.4979999999999887
0.9865,3.497873893493997
0.9866880767863758,3.496999999999989
0.9869023753214422,3.495999999999989
0.987,3.495543253850983
0.9871161147886938,3.494999999999989
0.9873300594279331,3.493999999999989
0.9875,3.493206032827348
0.9875440992244421,3.4929999999999892
0.9877454630934299,3.4919999999999893
0.9879425428183267,3.4909999999999894
0.988,3.490708457165214
0.9881349790737969,3.4899999999999896
0.9883248602263979,3.4889999999999897
0.9885,3.4880685408252963
0.9885127145758121,3.4879999999999898
0.9886982182629236,3.48699999999999
0.9888825095079564,3.48599999999999
0.989,3.485348072034352
0.9890627295602265,3.48499999999999
0.9892429496124966,3.48399999999999
0.9894184113259803,3.4829999999999903
0.9895,3.4825340613482694
0.9895935173699164,3.4819999999999904
0.9897660583420225,3.4809999999999905
0.989936618717612,3.4799999999999907
0.99,3.4796283938624635
0.9901060519849234,3.4789999999999908
0.9902682674364375,3.477999999999991
0.9904304828879517,3.476999999999991
0.9905,3.4765714734390674
0.9905929135425142,3.475999999999991
0.9907554994759293,3.474999999999991
0.9909178824864887,3.4739999999999913
0.991,3.4734747587782766
0.9910742249632715,3.4729999999999914
0.9912305674400542,3.4719999999999915
0.991384143812668,3.4709999999999916
0.9915,3.4702230060572403
0.9915332520372724,3.4699999999999918
0.9916823602618766,3.468999999999992
0.991828255076916,3.467999999999992
0.9919720399700688,3.466999999999992
0.992,3.46680554264555
0.9921158248632217,3.465999999999992
0.9922570721424675,3.4649999999999923
0.9923973426000582,3.4639999999999924
0.9925,3.463268146681018
0.9925376130576489,3.4629999999999925
0.9926741051718482,3.4619999999999926
0.9928094576094106,3.4609999999999927
0.9929448100469731,3.459999999999993
0.993,3.459588927757004
0.9930774727296586,3.458999999999993
0.993209021512572,3.457999999999993
0.9933405702954852,3.456999999999993
0.9934703318542998,3.4559999999999933
0.9935,3.4557688373125277
0.9935986749966362,3.4549999999999934
0.9937270181389728,3.4539999999999935
0.9938538029055514,3.4529999999999936
0.9939774126657899,3.4519999999999937
0.994,3.451817269007178
0.9941010224260284,3.450999999999994
0.9942246321862669,3.449999999999994
0.9943445418636874,3.448999999999994
0.9944643656609475,3.447999999999994
0.9945,3.447702610500852
0.9945841894582077,3.4469999999999943
0.9947014990097106,3.4459999999999944
0.9948164830096682,3.4449999999999945
0.9949314670096256,3.4439999999999946
0.995,3.443403978028245
0.9950464510095832,3.4429999999999947
0.9951582597433001,3.441999999999995
0.9952697777816539,3.440999999999995
0.9953812958200079,3.439999999999995
0.9954922938103877,3.438999999999995
0.9955,3.438929254141396
0.9956012215944995,3.4379999999999953
0.9957101493786112,3.4369999999999954
0.9958190771627229,3.4359999999999955
0.9959267359304431,3.4349999999999956
0.996,3.434307076201707
0.9960324677147141,3.4339999999999957
0.9961381994989851,3.432999999999996
0.9962439312832561,3.431999999999996
0.9963480602819823,3.430999999999996
0.9964504416265052,3.429999999999996
0.9965,3.4295159433222313
0.9965528229710281,3.4289999999999963
0.996655204315551,3.4279999999999964
0.9967559275334298,3.4269999999999965
0.9968544658004075,3.4259999999999966
0.9969530040673852,3.4249999999999967
0.997,3.424523069219131
0.9970515423343629,3.423999999999997
0.9971490597557771,3.422999999999997
0.9972430949926679,3.421999999999997
0.9973371302295589,3.420999999999997
0.9974311654664498,3.4199999999999973
0.9975,3.419267992129054
0.9975252007033408,3.4189999999999974
0.9976195088170247,3.4179999999999975
0.9977138765895105,3.4169999999999976
0.9978082443619963,3.4159999999999977
0.9979026121344822,3.414999999999998
0.9979946319309784,3.413999999999998
0.998,3.4139396218836247
0.9980835394581433,3.412999999999998
0.9981724469853082,3.411999999999998
0.9982613545124731,3.4109999999999983
0.9983502620396381,3.4099999999999984
0.9984383135171766,3.4089999999999985
0.9985,3.40829738416377
0.9985261089804194,3.4079999999999986
0.9986139044436623,3.4069999999999987
0.998701699906905,3.405999999999999
0.9987893596606089,3.404999999999999
0.9988744692562986,3.403999999999999
0.9989595788519884,3.402999999999999
0.999,3.402525069439185
0.9990446884476781,3.4019999999999992
0.9991297980433679,3.4009999999999994
0.9992144900237013,3.3999999999999995
0.9992973093184789,3.3989999999999996
0.9993801286132564,3.3979999999999997
0.999462947908034,3.397
0.9995457672028115,3.396
0.999613718064849,3.3951795286084
