Time [s],Current [A],Terminal voltage [V],Cycle,Step
0.0,2.5,4.160927753511467,0.0,0.0
1.0,2.5,4.157601075676489,0.0,0.0
2.0,2.5,4.154490994259158,0.0,0.0
3.0,2.5,4.151579735777284,0.0,0.0
4.0,2.5,4.148849144222897,0.0,0.0
5.0,2.5,4.146282844054771,0.0,0.0
6.0,2.5,4.143866411877354,0.0,0.0
7.0,2.5,4.14158685882251,0.0,0.0
8.0,2.5,4.139432527584678,0.0,0.0
9.0,2.5,4.1373935777586475,0.0,0.0
10.0,2.5,4.135460207732003,0.0,0.0
11.0,2.5,4.133623207865335,0.0,0.0
12.0,2.5,4.131876288053798,0.0,0.0
13.0,2.5,4.130210715881797,0.0,0.0
14.0,2.5,4.128621343373044,0.0,0.0
15.0,2.5,4.127102372425127,0.0,0.0
16.0,2.5,4.1256486435085735,0.0,0.0
17.0,2.5,4.124255949522701,0.0,0.0
18.0,2.5,4.122920513753348,0.0,0.0
19.0,2.5,4.121637691133036,0.0,0.0
20.0,2.5,4.1204045357969346,0.0,0.0
21.0,2.5,4.11921859787859,0.0,0.0
22.0,2.5,4.118077799023512,0.0,0.0
23.0,2.5,4.116977284631903,0.0,0.0
24.0,2.5,4.115915940608523,0.0,0.0
25.0,2.5,4.1148922144992515,0.0,0.0
26.0,2.5,4.113904682884345,0.0,0.0
27.0,2.5,4.112949360973445,0.0,0.0
28.0,2.5,4.1120256982856205,0.0,0.0
29.0,2.5,4.1111323466687715,0.0,0.0
30.0,2.5,4.11026804945668,0.0,0.0
31.0,2.5,4.109430366615028,0.0,0.0
32.0,2.5,4.10861857427313,0.0,0.0
33.0,2.5,4.1078315059979635,0.0,0.0
34.0,2.5,4.107068078631514,0.0,0.0
35.0,2.5,4.106326974076594,0.0,0.0
36.0,2.5,4.105607359218209,0.0,0.0
37.0,2.5,4.104908336227618,0.0,0.0
38.0,2.5,4.1042290586599,0.0,0.0
39.0,2.5,4.1035685421348544,0.0,0.0
40.0,2.5,4.1029261716599965,0.0,0.0
41.0,2.5,4.10230128451634,0.0,0.0
42.0,2.5,4.101693276866006,0.0,0.0
43.0,2.5,4.101101600597589,0.0,0.0
44.0,2.5,4.100525726267815,0.0,0.0
45.0,2.5,4.099964502197802,0.0,0.0
46.0,2.5,4.099417847146635,0.0,0.0
47.0,2.5,4.098885319974872,0.0,0.0
48.0,2.5,4.098366517541476,0.0,0.0
49.0,2.5,4.097861072571672,0.0,0.0
50.0,2.5,4.097368645549943,0.0,0.0
51.0,2.5,4.09688808870161,0.0,0.0
52.0,2.5,4.0964195142422435,0.0,0.0
53.0,2.5,4.095962581548417,0.0,0.0
54.0,2.5,4.095516971816701,0.0,0.0
55.0,2.5,4.095082386937095,0.0,0.0
56.0,2.5,4.094658548400727,0.0,0.0
57.0,2.5,4.09424471783567,0.0,0.0
58.0,2.5,4.093840843122007,0.0,0.0
59.0,2.5,4.093446656829645,0.0,0.0
60.0,2.5,4.093061889347226,0.0,0.0
61.0,2.5,4.092686283528498,0.0,0.0
62.0,2.5,4.092319594146908,0.0,0.0
63.0,2.5,4.091961442559183,0.0,0.0
64.0,2.5,4.091611652591053,0.0,0.0
65.0,2.5,4.091270004239898,0.0,0.0
66.0,2.5,4.090936275768548,0.0,0.0
67.0,2.5,4.090610254161096,0.0,0.0
68.0,2.5,4.090291734778852,0.0,0.0
69.0,2.5,4.089980493354697,0.0,0.0
70.0,2.5,4.089676347645338,0.0,0.0
71.0,2.5,4.089379115842617,0.0,0.0
72.0,2.5,4.089088619679142,0.0,0.0
73.0,2.5,4.088804687536027,0.0,0.0
74.0,2.5,4.088527154174912,0.0,0.0
75.0,2.5,4.088255804667979,0.0,0.0
76.0,2.5,4.087990501979117,0.0,0.0
77.0,2.5,4.087731105819368,0.0,0.0
78.0,2.5,4.087477471187321,0.0,0.0
79.0,2.5,4.08722945847457,0.0,0.0
80.0,2.5,4.086986933232946,0.0,0.0
81.0,2.5,4.086749765949343,0.0,0.0
82.0,2.5,4.0865178318285365,0.0,0.0
83.0,2.5,4.086291010583731,0.0,0.0
84.0,2.5,4.0860691862348055,0.0,0.0
85.0,2.5,4.085852132426833,0.0,0.0
86.0,2.5,4.085639716421859,0.0,0.0
87.0,2.5,4.085431899989458,0.0,0.0
88.0,2.5,4.085228574804643,0.0,0.0
89.0,2.5,4.0850296359704155,0.0,0.0
90.0,2.5,4.084834981878631,0.0,0.0
91.0,2.5,4.084644514076079,0.0,0.0
92.0,2.5,4.0844581371360364,0.0,0.0
93.0,2.5,4.084275758534926,0.0,0.0
94.0,2.5,4.084097288534272,0.0,0.0
95.0,2.5,4.083922580111833,0.0,0.0
96.0,2.5,4.083751443484631,0.0,0.0
97.0,2.5,4.083583895147556,0.0,0.0
98.0,2.5,4.083419848098537,0.0,0.0
99.0,2.5,4.083259217539309,0.0,0.0
100.0,2.5,4.083101920805127,0.0,0.0
101.0,2.5,4.082947877296784,0.0,0.0
102.0,2.5,4.08279700841526,0.0,0.0
103.0,2.5,4.0826492374987975,0.0,0.0
104.0,2.5,4.082504489762482,0.0,0.0
105.0,2.5,4.0823626853081025,0.0,0.0
106.0,2.5,4.082223665259328,0.0,0.0
107.0,2.5,4.082087423199833,0.0,0.0
108.0,2.5,4.0819538876851205,0.0,0.0
109.0,2.5,4.081822988827989,0.0,0.0
110.0,2.5,4.081694658258913,0.0,0.0
111.0,2.5,4.081568829087869,0.0,0.0
112.0,2.5,4.081445435866936,0.0,0.0
113.0,2.5,4.081324414554147,0.0,0.0
114.0,2.5,4.0812057024784885,0.0,0.0
115.0,2.5,4.081089238305971,0.0,0.0
116.0,2.5,4.08097494232456,0.0,0.0
117.0,2.5,4.080862764679917,0.0,0.0
118.0,2.5,4.080752650215037,0.0,0.0
119.0,2.5,4.080644541698893,0.0,0.0
120.0,2.5,4.080538383064326,0.0,0.0
121.0,2.5,4.080434119381322,0.0,0.0
122.0,2.5,4.080331696830786,0.0,0.0
123.0,2.5,4.080231062679405,0.0,0.0
124.0,2.5,4.080132165254847,0.0,0.0
125.0,2.5,4.0800349539220875,0.0,0.0
126.0,2.5,4.079939376720904,0.0,0.0
127.0,2.5,4.0798453847155685,0.0,0.0
128.0,2.5,4.079752931441735,0.0,0.0
129.0,2.5,4.079661970018632,0.0,0.0
130.0,2.5,4.079572454489028,0.0,0.0
131.0,2.5,4.0794843397994525,0.0,0.0
132.0,2.5,4.079397581781398,0.0,0.0
133.0,2.5,4.079312137132995,0.0,0.0
134.0,2.5,4.079227963401337,0.0,0.0
135.0,2.5,4.079145018965368,0.0,0.0
136.0,2.5,4.0790632581457285,0.0,0.0
137.0,2.5,4.078982634181892,0.0,0.0
138.0,2.5,4.07890311548313,0.0,0.0
139.0,2.5,4.078824663331393,0.0,0.0
140.0,2.5,4.078747239768525,0.0,0.0
141.0,2.5,4.078670807581731,0.0,0.0
142.0,2.5,4.078595330289514,0.0,0.0
143.0,2.5,4.078520772128148,0.0,0.0
144.0,2.5,4.078447098038876,0.0,0.0
145.0,2.5,4.078374273655544,0.0,0.0
146.0,2.5,4.078302265292856,0.0,0.0
147.0,2.5,4.078231039935201,0.0,0.0
148.0,2.5,4.078160565225972,0.0,0.0
149.0,2.5,4.078090809457463,0.0,0.0
150.0,2.5,4.0780217415612645,0.0,0.0
151.0,2.5,4.077953331099245,0.0,0.0
152.0,2.5,4.077885548254853,0.0,0.0
153.0,2.5,4.0778183457825286,0.0,0.0
154.0,2.5,4.077751683756053,0.0,0.0
155.0,2.5,4.077685554179354,0.0,0.0
156.0,2.5,4.077619928841112,0.0,0.0
157.0,2.5,4.077554780081825,0.0,0.0
158.0,2.5,4.077490080785911,0.0,0.0
159.0,2.5,4.07742580437427,0.0,0.0
160.0,2.5,4.077361924797133,0.0,0.0
161.0,2.5,4.077298416527288,0.0,0.0
162.0,2.5,4.077235254553625,0.0,0.0
163.0,2.5,4.077172414375023,0.0,0.0
164.0,2.5,4.077109871994523,0.0,0.0
165.0,2.5,4.077047603913931,0.0,0.0
166.0,2.5,4.076985587128584,0.0,0.0
167.0,2.5,4.0769237991225085,0.0,0.0
168.0,2.5,4.0768622178638925,0.0,0.0
169.0,2.5,4.076800821800829,0.0,0.0
170.0,2.5,4.076739567832886,0.0,0.0
171.0,2.5,4.076678430698656,0.0,0.0
172.0,2.5,4.076617407022613,0.0,0.0
173.0,2.5,4.076556476171565,0.0,0.0
174.0,2.5,4.076495617921502,0.0,0.0
175.0,2.5,4.076434812452586,0.0,0.0
176.0,2.5,4.076374040344133,0.0,0.0
177.0,2.5,4.076313282569893,0.0,0.0
178.0,2.5,4.076252520493434,0.0,0.0
179.0,2.5,4.0761917358636595,0.0,0.0
180.0,2.5,4.076130910810625,0.0,0.0
181.0,2.5,4.076070027841338,0.0,0.0
182.0,2.5,4.076009069835855,0.0,0.0
183.0,2.5,4.075948020043392,0.0,0.0
184.0,2.5,4.075886862078759,0.0,0.0
185.0,2.5,4.075825579918716,0.0,0.0
186.0,2.5,4.075764157898728,0.0,0.0
187.0,2.5,4.075702566041725,0.0,0.0
188.0,2.5,4.075640790574839,0.0,0.0
189.0,2.5,4.075578824437293,0.0,0.0
190.0,2.5,4.075516652749117,0.0,0.0
191.0,2.5,4.07545426093731,0.0,0.0
192.0,2.5,4.075391634731802,0.0,0.0
193.0,2.5,4.075328760161517,0.0,0.0
194.0,2.5,4.075265623550525,0.0,0.0
195.0,2.5,4.0752022115142985,0.0,0.0
196.0,2.5,4.075138510956072,0.0,0.0
197.0,2.5,4.075074509063162,0.0,0.0
198.0,2.5,4.075010193303642,0.0,0.0
199.0,2.5,4.074945551422783,0.0,0.0
200.0,2.5,4.074880571439843,0.0,0.0
201.0,2.5,4.0748152416447745,0.0,0.0
202.0,2.5,4.074749550595088,0.0,0.0
203.0,2.5,4.074683487112824,0.0,0.0
204.0,2.5,4.074617034797386,0.0,0.0
205.0,2.5,4.074550184650403,0.0,0.0
206.0,2.5,4.074482928099226,0.0,0.0
207.0,2.5,4.074415254780117,0.0,0.0
208.0,2.5,4.074347154566803,0.0,0.0
209.0,2.5,4.074278617567291,0.0,0.0
210.0,2.5,4.074209634120945,0.0,0.0
211.0,2.5,4.074140194795576,0.0,0.0
212.0,2.5,4.074070290384515,0.0,0.0
213.0,2.5,4.073999911903955,0.0,0.0
214.0,2.5,4.0739290505900705,0.0,0.0
215.0,2.5,4.073857697896411,0.0,0.0
216.0,2.5,4.073785845491324,0.0,0.0
217.0,2.5,4.073713485255321,0.0,0.0
218.0,2.5,4.0736406092786925,0.0,0.0
219.0,2.5,4.073567209858991,0.0,0.0
220.0,2.5,4.073493279498674,0.0,0.0
221.0,2.5,4.073418808567246,0.0,0.0
222.0,2.5,4.07334379108645,0.0,0.0
223.0,2.5,4.073268220616229,0.0,0.0
224.0,2.5,4.07319209037358,0.0,0.0
225.0,2.5,4.073115393764511,0.0,0.0
226.0,2.5,4.073038124381744,0.0,0.0
227.0,2.5,4.072960276002726,0.0,0.0
228.0,2.5,4.072881842587348,0.0,0.0
229.0,2.5,4.072802818276068,0.0,0.0
230.0,2.5,4.072723197387714,0.0,0.0
231.0,2.5,4.0726429744177235,0.0,0.0
232.0,2.5,4.072562144036067,0.0,0.0
233.0,2.5,4.072480701085468,0.0,0.0
234.0,2.5,4.072398640579519,0.0,0.0
235.0,2.5,4.072315957700959,0.0,0.0
236.0,2.5,4.072232647799895,0.0,0.0
237.0,2.5,4.072148706392074,0.0,0.0
238.0,2.5,4.072064120134619,0.0,0.0
239.0,2.5,4.071978890849423,0.0,0.0
240.0,2.5,4.0718930154476585,0.0,0.0
241.0,2.5,4.071806489930813,0.0,0.0
242.0,2.5,4.07171931045325,0.0,0.0
243.0,2.5,4.071631473320771,0.0,0.0
244.0,2.5,4.071542974989084,0.0,0.0
245.0,2.5,4.071453812062383,0.0,0.0
246.0,2.5,4.071363981291887,0.0,0.0
247.0,2.5,4.0712734795745265,0.0,0.0
248.0,2.5,4.0711823039515815,0.0,0.0
249.0,2.5,4.071090451607358,0.0,0.0
250.0,2.5,4.070997919867907,0.0,0.0
251.0,2.5,4.070904706199816,0.0,0.0
252.0,2.5,4.070810808208975,0.0,0.0
253.0,2.5,4.070716223639418,0.0,0.0
254.0,2.5,4.070620950372149,0.0,0.0
255.0,2.5,4.070524986424056,0.0,0.0
256.0,2.5,4.07042832994678,0.0,0.0
257.0,2.5,4.070330979225705,0.0,0.0
258.0,2.5,4.070232932678884,0.0,0.0
259.0,2.5,4.070134188856022,0.0,0.0
260.0,2.5,4.070034746437567,0.0,0.0
261.0,2.5,4.069934604233671,0.0,0.0
262.0,2.5,4.069833761183301,0.0,0.0
263.0,2.5,4.069732216353356,0.0,0.0
264.0,2.5,4.069629962608646,0.0,0.0
265.0,2.5,4.069526974796968,0.0,0.0
266.0,2.5,4.069423277465929,0.0,0.0
267.0,2.5,4.06931886975559,0.0,0.0
268.0,2.5,4.0692137509128425,0.0,0.0
269.0,2.5,4.069107920290343,0.0,0.0
270.0,2.5,4.069001377345511,0.0,0.0
271.0,2.5,4.0688941216394525,0.0,0.0
272.0,2.5,4.068786152836081,0.0,0.0
273.0,2.5,4.068677470701036,0.0,0.0
274.0,2.5,4.068568075100781,0.0,0.0
275.0,2.5,4.068457966001725,0.0,0.0
276.0,2.5,4.068347143469275,0.0,0.0
277.0,2.5,4.068235607666899,0.0,0.0
278.0,2.5,4.0681233588553765,0.0,0.0
279.0,2.5,4.068010397391818,0.0,0.0
280.0,2.5,4.067896723728946,0.0,0.0
281.0,2.5,4.067782338414229,0.0,0.0
282.0,2.5,4.067667242089039,0.0,0.0
283.0,2.5,4.067551435487968,0.0,0.0
284.0,2.5,4.0674349194379875,0.0,0.0
285.0,2.5,4.067317694857721,0.0,0.0
286.0,2.5,4.067199762756734,0.0,0.0
287.0,2.5,4.067081124234777,0.0,0.0
288.0,2.5,4.066961780481108,0.0,0.0
289.0,2.5,4.066841732773772,0.0,0.0
290.0,2.5,4.066720982478961,0.0,0.0
291.0,2.5,4.0665995265560175,0.0,0.0
292.0,2.5,4.066477362635106,0.0,0.0
293.0,2.5,4.066354495157822,0.0,0.0
294.0,2.5,4.066230925036236,0.0,0.0
295.0,2.5,4.066106653219106,0.0,0.0
296.0,2.5,4.065981680690279,0.0,0.0
297.0,2.5,4.065856008467152,0.0,0.0
298.0,2.5,4.065729637599162,0.0,0.0
299.0,2.5,4.065602569166355,0.0,0.0
300.0,2.5,4.065474804277807,0.0,0.0
300.000000001,0.0,4.083337104220067,0.0,1.0
301.0,0.0,4.08411857143703,0.0,1.0
302.0,0.0,4.084823935791453,0.0,1.0
303.0,0.0,4.085462722054559,0.0,1.0
304.0,0.0,4.086043182007179,0.0,1.0
305.0,0.0,4.0865724051017125,0.0,1.0
306.0,0.0,4.087056427997617,0.0,1.0
307.0,0.0,4.087500374077019,0.0,1.0
308.0,0.0,4.08790902639921,0.0,1.0
309.0,0.0,4.088286058882586,0.0,1.0
310.0,0.0,4.088635268080958,0.0,1.0
311.0,0.0,4.088959341219949,0.0,1.0
312.0,0.0,4.089261112677142,0.0,1.0
313.0,0.0,4.089542668887757,0.0,1.0
314.0,0.0,4.089806112806356,0.0,1.0
315.0,0.0,4.090053122784463,0.0,1.0
316.0,0.0,4.090285221354024,0.0,1.0
317.0,0.0,4.090503745704817,0.0,1.0
318.0,0.0,4.090710046396893,0.0,1.0
319.0,0.0,4.090905114792385,0.0,1.0
320.0,0.0,4.091089906030976,0.0,1.0
321.0,0.0,4.091265371880813,0.0,1.0
322.0,0.0,4.0914322422960385,0.0,1.0
323.0,0.0,4.091591184363877,0.0,1.0
324.0,0.0,4.0917428222357195,0.0,1.0
325.0,0.0,4.091887766010014,0.0,1.0
326.0,0.0,4.092026518729413,0.0,1.0
327.0,0.0,4.0921594814565765,0.0,1.0
328.0,0.0,4.092287017515516,0.0,1.0
329.0,0.0,4.09240944878535,0.0,1.0
330.0,0.0,4.092527417454655,0.0,1.0
331.0,0.0,4.092641028661417,0.0,1.0
332.0,0.0,4.092750526981569,0.0,1.0
333.0,0.0,4.092856120722325,0.0,1.0
334.0,0.0,4.092958108470949,0.0,1.0
335.0,0.0,4.093056869083674,0.0,1.0
336.0,0.0,4.093152462953598,0.0,1.0
337.0,0.0,4.09324505576939,0.0,1.0
338.0,0.0,4.093334793123759,0.0,1.0
339.0,0.0,4.093421944422245,0.0,1.0
340.0,0.0,4.093506649887989,0.0,1.0
341.0,0.0,4.093589011210733,0.0,1.0
342.0,0.0,4.093669150941425,0.0,1.0
343.0,0.0,4.093747185325492,0.0,1.0
344.0,0.0,4.093823278769266,0.0,1.0
345.0,0.0,4.093897505111239,0.0,1.0
346.0,0.0,4.09396995992965,0.0,1.0
347.0,0.0,4.094040730949751,0.0,1.0
348.0,0.0,4.09410990799957,0.0,1.0
349.0,0.0,4.094177578696497,0.0,1.0
350.0,0.0,4.094243806711216,0.0,1.0
351.0,0.0,4.094308657608522,0.0,1.0
352.0,0.0,4.094372191189041,0.0,1.0
353.0,0.0,4.094434507708313,0.0,1.0
354.0,0.0,4.094495651938244,0.0,1.0
355.0,0.0,4.094555664953677,0.0,1.0
356.0,0.0,4.094614591157936,0.0,1.0
357.0,0.0,4.094672469999011,0.0,1.0
358.0,0.0,4.094729336096383,0.0,1.0
359.0,0.0,4.0947852193522305,0.0,1.0
360.0,0.0,4.094840145048124,0.0,1.0
361.0,0.0,4.094894277223266,0.0,1.0
362.0,0.0,4.0949475944493345,0.0,1.0
363.0,0.0,4.0950000983298045,0.0,1.0
364.0,0.0,4.095051812803234,0.0,1.0
365.0,0.0,4.095102758594911,0.0,1.0
366.0,0.0,4.0951529532665045,0.0,1.0
367.0,0.0,4.095202411257952,0.0,1.0
368.0,0.0,4.095251143922228,0.0,1.0
369.0,0.0,4.095299315797117,0.0,1.0
370.0,0.0,4.09534688558349,0.0,1.0
371.0,0.0,4.0953938468241775,0.0,1.0
372.0,0.0,4.095440216551898,0.0,1.0
373.0,0.0,4.095486010140206,0.0,1.0
374.0,0.0,4.095531241327584,0.0,1.0
375.0,0.0,4.095575922238512,0.0,1.0
376.0,0.0,4.095620063401408,0.0,1.0
377.0,0.0,4.095663760543893,0.0,1.0
378.0,0.0,4.095706993028133,0.0,1.0
379.0,0.0,4.095749763336209,0.0,1.0
380.0,0.0,4.095792085594328,0.0,1.0
381.0,0.0,4.095833973140304,0.0,1.0
382.0,0.0,4.095875438539559,0.0,1.0
383.0,0.0,4.09591649359953,0.0,1.0
384.0,0.0,4.0959571493826985,0.0,1.0
385.0,0.0,4.095997438202164,0.0,1.0
386.0,0.0,4.096037362024716,0.0,1.0
387.0,0.0,4.0960769292507475,0.0,1.0
388.0,0.0,4.096116150545187,0.0,1.0
389.0,0.0,4.096155036066913,0.0,1.0
390.0,0.0,4.096193595477757,0.0,1.0
391.0,0.0,4.096231837950833,0.0,1.0
392.0,0.0,4.096269772177853,0.0,1.0
393.0,0.0,4.096307408860641,0.0,1.0
394.0,0.0,4.096344754822972,0.0,1.0
395.0,0.0,4.096381817330585,0.0,1.0
396.0,0.0,4.096418603484685,0.0,1.0
397.0,0.0,4.096455119952227,0.0,1.0
398.0,0.0,4.096491372969539,0.0,1.0
399.0,0.0,4.096527368345044,0.0,1.0
400.0,0.0,4.096563111461736,0.0,1.0
401.0,0.0,4.096598627108964,0.0,1.0
402.0,0.0,4.09663391003031,0.0,1.0
403.0,0.0,4.096668963385099,0.0,1.0
404.0,0.0,4.096703791876213,0.0,1.0
405.0,0.0,4.096738399802303,0.0,1.0
406.0,0.0,4.096772791057752,0.0,1.0
407.0,0.0,4.096806969132171,0.0,1.0
408.0,0.0,4.096840937109579,0.0,1.0
409.0,0.0,4.0968746976672685,0.0,1.0
410.0,0.0,4.096908253074219,0.0,1.0
411.0,0.0,4.096941605189362,0.0,1.0
412.0,0.0,4.096974755459436,0.0,1.0
413.0,0.0,4.097007704916578,0.0,1.0
414.0,0.0,4.097040480435536,0.0,1.0
415.0,0.0,4.097073076123438,0.0,1.0
416.0,0.0,4.097105491844794,0.0,1.0
417.0,0.0,4.097137731121214,0.0,1.0
418.0,0.0,4.09716979741555,0.0,1.0
419.0,0.0,4.0972016941341565,0.0,1.0
420.0,0.0,4.097233424628999,0.0,1.0
420.000000001,-2.5,4.115314153407617,0.0,2.0
421.0,-2.5,4.11580126816336,0.0,2.0
422.0,-2.5,4.116287981535286,0.0,2.0
423.0,-2.5,4.116777990744232,0.0,2.0
424.0,-2.5,4.117273191364564,0.0,2.0
425.0,-2.5,4.117774915639592,0.0,2.0
426.0,-2.5,4.118284040604012,0.0,2.0
427.0,-2.5,4.118801048057358,0.0,2.0
428.0,-2.5,4.119326515995133,0.0,2.0
429.0,-2.5,4.119860399527127,0.0,2.0
430.0,-2.5,4.120403180460219,0.0,2.0
431.0,-2.5,4.120954562276548,0.0,2.0
432.0,-2.5,4.121514781148596,0.0,2.0
433.0,-2.5,4.122083516198534,0.0,2.0
434.0,-2.5,4.1226607942227185,0.0,2.0
435.0,-2.5,4.123246364371904,0.0,2.0
436.0,-2.5,4.123840020969835,0.0,2.0
437.0,-2.5,4.124441526266611,0.0,2.0
438.0,-2.5,4.125050951332003,0.0,2.0
439.0,-2.5,4.125667962076965,0.0,2.0
440.0,-2.5,4.126292367649658,0.0,2.0
441.0,-2.5,4.126924195444504,0.0,2.0
442.0,-2.5,4.127563200844878,0.0,2.0
443.0,-2.5,4.12820917027299,0.0,2.0
444.0,-2.5,4.128861945806709,0.0,2.0
445.0,-2.5,4.129521510767318,0.0,2.0
446.0,-2.5,4.130187710940636,0.0,2.0
447.0,-2.5,4.130860241429103,0.0,2.0
448.0,-2.5,4.131538785425746,0.0,2.0
449.0,-2.5,4.132223012474197,0.0,2.0
450.0,-2.5,4.1329137060465575,0.0,2.0
451.0,-2.5,4.1336100747288285,0.0,2.0
452.0,-2.5,4.134311816352641,0.0,2.0
453.0,-2.5,4.135018566209412,0.0,2.0
454.0,-2.5,4.135730402582563,0.0,2.0
455.0,-2.5,4.136447738344287,0.0,2.0
456.0,-2.5,4.137169913020526,0.0,2.0
457.0,-2.5,4.137896687838134,0.0,2.0
458.0,-2.5,4.13862779190947,0.0,2.0
459.0,-2.5,4.139363583911809,0.0,2.0
460.0,-2.5,4.140103858101116,0.0,2.0
461.0,-2.5,4.140848348950613,0.0,2.0
462.0,-2.5,4.1415969032465085,0.0,2.0
463.0,-2.5,4.142349392150335,0.0,2.0
464.0,-2.5,4.14310594336973,0.0,2.0
465.0,-2.5,4.143866307267678,0.0,2.0
466.0,-2.5,4.144630367242537,0.0,2.0
467.0,-2.5,4.14539800048952,0.0,2.0
468.0,-2.5,4.146169135105322,0.0,2.0
469.0,-2.5,4.1469437054342855,0.0,2.0
470.0,-2.5,4.147721556947632,0.0,2.0
471.0,-2.5,4.148502566664649,0.0,2.0
472.0,-2.5,4.149286603209791,0.0,2.0
473.0,-2.5,4.150073818632925,0.0,2.0
474.0,-2.5,4.150864013380658,0.0,2.0
475.0,-2.5,4.151657032252208,0.0,2.0
476.0,-2.5,4.152452742603151,0.0,2.0
477.0,-2.5,4.153250998409786,0.0,2.0
478.0,-2.5,4.154051639048997,0.0,2.0
479.0,-2.5,4.154854488114104,0.0,2.0
480.0,-2.5,4.155659352267687,0.0,2.0
481.0,-2.5,4.156467062646512,0.0,2.0
482.0,-2.5,4.157276995734728,0.0,2.0
483.0,-2.5,4.158088929742623,0.0,2.0
484.0,-2.5,4.158902722580855,0.0,2.0
485.0,-2.5,4.159718220883334,0.0,2.0
486.0,-2.5,4.160535259263556,0.0,2.0
487.0,-2.5,4.161353659596958,0.0,2.0
488.0,-2.5,4.162173230329908,0.0,2.0
489.0,-2.5,4.162995033345934,0.0,2.0
490.0,-2.5,4.163818275506938,0.0,2.0
491.0,-2.5,4.1646427911171955,0.0,2.0
492.0,-2.5,4.165468472838174,0.0,2.0
493.0,-2.5,4.166295209164681,0.0,2.0
494.0,-2.5,4.167122884071705,0.0,2.0
495.0,-2.5,4.16795137667258,0.0,2.0
496.0,-2.5,4.168780560888696,0.0,2.0
497.0,-2.5,4.1696110735551075,0.0,2.0
498.0,-2.5,4.170442384273522,0.0,2.0
499.0,-2.5,4.171274413467192,0.0,2.0
500.0,-2.5,4.1721070926304,0.0,2.0
501.0,-2.5,4.172940353307712,0.0,2.0
502.0,-2.5,4.173774126914772,0.0,2.0
503.0,-2.5,4.17460834456357,0.0,2.0
504.0,-2.5,4.175442940725014,0.0,2.0
505.0,-2.5,4.176278044626564,0.0,2.0
506.0,-2.5,4.17711347773185,0.0,2.0
507.0,-2.5,4.177949187515572,0.0,2.0
508.0,-2.5,4.178785121997135,0.0,2.0
509.0,-2.5,4.179621229611505,0.0,2.0
510.0,-2.5,4.180457459083005,0.0,2.0
511.0,-2.5,4.181293759302215,0.0,2.0
512.0,-2.5,4.182130080544206,0.0,2.0
513.0,-2.5,4.182966395471069,0.0,2.0
514.0,-2.5,4.1838026396555374,0.0,2.0
515.0,-2.5,4.184638763875634,0.0,2.0
516.0,-2.5,4.185474718707162,0.0,2.0
517.0,-2.5,4.186310454421232,0.0,2.0
518.0,-2.5,4.187145920884718,0.0,2.0
519.0,-2.5,4.187981067463743,0.0,2.0
520.0,-2.5,4.188815859287128,0.0,2.0
521.0,-2.5,4.1896504023686605,0.0,2.0
522.0,-2.5,4.190484538000852,0.0,2.0
523.0,-2.5,4.191318220929476,0.0,2.0
524.0,-2.5,4.192151405074641,0.0,2.0
525.0,-2.5,4.1929840434470975,0.0,2.0
526.0,-2.5,4.19381608806758,0.0,2.0
527.0,-2.5,4.1946474898890145,0.0,2.0
528.0,-2.5,4.195478198721599,0.0,2.0
529.0,-2.5,4.196308163160786,0.0,2.0
530.0,-2.5,4.197137330518019,0.0,2.0
531.0,-2.5,4.197965646754283,0.0,2.0
532.0,-2.5,4.198793056416422,0.0,2.0
533.0,-2.5,4.1996195697873056,0.0,2.0
534.0,-2.5,4.200445644043602,0.0,2.0
535.0,-2.5,4.201270821156214,0.0,2.0
536.0,-2.5,4.20209506239229,0.0,2.0
537.0,-2.5,4.202918328424658,0.0,2.0
538.0,-2.5,4.203740579283007,0.0,2.0
539.0,-2.5,4.2045617743068116,0.0,2.0
540.0,-2.5,4.205381872100225,0.0,2.0
541.0,-2.5,4.206200830488596,0.0,2.0
542.0,-2.5,4.207018606476822,0.0,2.0
543.0,-2.5,4.207835156209456,0.0,2.0
544.0,-2.5,4.208650434932421,0.0,2.0
545.0,-2.5,4.209464396956459,0.0,2.0
546.0,-2.5,4.210277075901499,0.0,2.0
547.0,-2.5,4.211088946655144,0.0,2.0
548.0,-2.5,4.211899546903226,0.0,2.0
549.0,-2.5,4.212708850053829,0.0,2.0
550.0,-2.5,4.213516829576945,0.0,2.0
551.0,-2.5,4.2143234589756196,0.0,2.0
552.0,-2.5,4.215128711758133,0.0,2.0
553.0,-2.5,4.215932561410892,0.0,2.0
554.0,-2.5,4.216734981372289,0.0,2.0
555.0,-2.5,4.217535945007451,0.0,2.0
556.0,-2.5,4.218335425583666,0.0,2.0
557.0,-2.5,4.219133396246829,0.0,2.0
558.0,-2.5,4.219929829998552,0.0,2.0
559.0,-2.5,4.220724737110144,0.0,2.0
560.0,-2.5,4.221518305656589,0.0,2.0
561.0,-2.5,4.222310344723525,0.0,2.0
562.0,-2.5,4.223100839241547,0.0,2.0
563.0,-2.5,4.223889774647726,0.0,2.0
564.0,-2.5,4.224677136866221,0.0,2.0
565.0,-2.5,4.2254629122892915,0.0,2.0
566.0,-2.5,4.226247087758805,0.0,2.0
567.0,-2.5,4.227029650547929,0.0,2.0
568.0,-2.5,4.227810588343391,0.0,2.0
569.0,-2.5,4.228589889227962,0.0,2.0
570.0,-2.5,4.229367541663446,0.0,2.0
570.000000001,0.0,4.210029284710582,0.0,3.0
571.0,0.0,4.207213583314949,0.0,3.0
572.0,0.0,4.2045971631097725,0.0,3.0
573.0,0.0,4.202161839008122,0.0,3.0
574.0,0.0,4.199890898745848,0.0,3.0
575.0,0.0,4.197769335614359,0.0,3.0
576.0,0.0,4.195783879691244,0.0,3.0
577.0,0.0,4.193922813568967,0.0,3.0
578.0,0.0,4.19217522692314,0.0,3.0
579.0,0.0,4.1905311507282805,0.0,3.0
580.0,0.0,4.1889814120405005,0.0,3.0
581.0,0.0,4.187518661668531,0.0,3.0
582.0,0.0,4.186134907137069,0.0,3.0
583.0,0.0,4.184824930563117,0.0,3.0
584.0,0.0,4.1835819030923505,0.0,3.0
585.0,0.0,4.182401580048656,0.0,3.0
586.0,0.0,4.181278703809178,0.0,3.0
587.0,0.0,4.180209910457267,0.0,3.0
588.0,0.0,4.179190532538634,0.0,3.0
589.0,0.0,4.178216902784102,0.0,3.0
590.0,0.0,4.177286614461846,0.0,3.0
591.0,0.0,4.176396007237823,0.0,3.0
592.0,0.0,4.175542354184778,0.0,3.0
593.0,0.0,4.17472364073388,0.0,3.0
594.0,0.0,4.17393750941874,0.0,3.0
595.0,0.0,4.173181867365283,0.0,3.0
596.0,0.0,4.172454471651524,0.0,3.0
597.0,0.0,4.171754031090117,0.0,3.0
598.0,0.0,4.171079263572318,0.0,3.0
599.0,0.0,4.17042913754243,0.0,3.0
600.0,0.0,4.16980120491864,0.0,3.0
601.0,0.0,4.169194204224323,0.0,3.0
602.0,0.0,4.168607759644541,0.0,3.0
603.0,0.0,4.168041150823556,0.0,3.0
604.0,0.0,4.167493774627918,0.0,3.0
605.0,0.0,4.166962625224374,0.0,3.0
606.0,0.0,4.166448148159899,0.0,3.0
607.0,0.0,4.165949685934117,0.0,3.0
608.0,0.0,4.165466676378533,0.0,3.0
609.0,0.0,4.164998206772577,0.0,3.0
610.0,0.0,4.1645429199915345,0.0,3.0
611.0,0.0,4.1641007216410015,0.0,3.0
612.0,0.0,4.1636710663369385,0.0,3.0
613.0,0.0,4.16325346065624,0.0,3.0
614.0,0.0,4.1628471299862,0.0,3.0
615.0,0.0,4.162451571498087,0.0,3.0
616.0,0.0,4.162066421723589,0.0,3.0
617.0,0.0,4.16169126270297,0.0,3.0
618.0,0.0,4.161325704401287,0.0,3.0
619.0,0.0,4.1609692153506135,0.0,3.0
620.0,0.0,4.160621529491947,0.0,3.0
621.0,0.0,4.160282325457457,0.0,3.0
622.0,0.0,4.159951311130621,0.0,3.0
623.0,0.0,4.159628069141708,0.0,3.0
624.0,0.0,4.159312117980469,0.0,3.0
625.0,0.0,4.159003373346276,0.0,3.0
626.0,0.0,4.158701613036827,0.0,3.0
627.0,0.0,4.158406643057931,0.0,3.0
628.0,0.0,4.158118297327637,0.0,3.0
629.0,0.0,4.157836437392334,0.0,3.0
630.0,0.0,4.157560952154421,0.0,3.0
631.0,0.0,4.157291261979277,0.0,3.0
632.0,0.0,4.157026688466741,0.0,3.0
633.0,0.0,4.156767652572423,0.0,3.0
634.0,0.0,4.156514032810383,0.0,3.0
635.0,0.0,4.156265726685805,0.0,3.0
636.0,0.0,4.15602265052153,0.0,3.0
637.0,0.0,4.155784739291854,0.0,3.0
638.0,0.0,4.155551946463349,0.0,3.0
639.0,0.0,4.1553237049393745,0.0,3.0
640.0,0.0,4.155099377411003,0.0,3.0
641.0,0.0,4.154879446227916,0.0,3.0
642.0,0.0,4.154663814247297,0.0,3.0
643.0,0.0,4.154452393741274,0.0,3.0
644.0,0.0,4.154245106315513,0.0,3.0
645.0,0.0,4.154041882830858,0.0,3.0
646.0,0.0,4.153842663327825,0.0,3.0
647.0,0.0,4.153647101167119,0.0,3.0
648.0,0.0,4.153454830558504,0.0,3.0
649.0,0.0,4.153266067313362,0.0,3.0
650.0,0.0,4.153080721404211,0.0,3.0
651.0,0.0,4.152898707130987,0.0,3.0
652.0,0.0,4.152719943082192,0.0,3.0
653.0,0.0,4.152544352097112,0.0,3.0
654.0,0.0,4.152371861229269,0.0,3.0
655.0,0.0,4.1522023277734,0.0,3.0
656.0,0.0,4.152035610979901,0.0,3.0
657.0,0.0,4.1518717097175015,0.0,3.0
658.0,0.0,4.151710551395647,0.0,3.0
659.0,0.0,4.151552066364199,0.0,3.0
660.0,0.0,4.1513961878880865,0.0,3.0
661.0,0.0,4.15124285212288,0.0,3.0
662.0,0.0,4.151091998090975,0.0,3.0
663.0,0.0,4.1509435592345785,0.0,3.0
664.0,0.0,4.150797472097141,0.0,3.0
665.0,0.0,4.150653690629847,0.0,3.0
666.0,0.0,4.150512163297496,0.0,3.0
667.0,0.0,4.1503728411991965,0.0,3.0
668.0,0.0,4.15023567804895,0.0,3.0
669.0,0.0,4.150100630156968,0.0,3.0
670.0,0.0,4.149967656411437,0.0,3.0
671.0,0.0,4.1498366540695955,0.0,3.0
672.0,0.0,4.1497075385471796,0.0,3.0
673.0,0.0,4.149580332413257,0.0,3.0
674.0,0.0,4.149454998704056,0.0,3.0
675.0,0.0,4.14933150294905,0.0,3.0
676.0,0.0,4.149209813155258,0.0,3.0
677.0,0.0,4.149089899791887,0.0,3.0
678.0,0.0,4.148971735775508,0.0,3.0
679.0,0.0,4.148855296455618,0.0,3.0
680.0,0.0,4.1487405596006734,0.0,3.0
681.0,0.0,4.148627505384641,0.0,3.0
682.0,0.0,4.14851611637379,0.0,3.0
683.0,0.0,4.148406377514072,0.0,3.0
684.0,0.0,4.148298213522299,0.0,3.0
685.0,0.0,4.148191511522451,0.0,3.0
686.0,0.0,4.148086312994496,0.0,3.0
687.0,0.0,4.1479825873201,0.0,3.0
688.0,0.0,4.147880304164437,0.0,3.0
689.0,0.0,4.147779433472801,0.0,3.0
690.0,0.0,4.147679945467388,0.0,3.0
690.000000001,2.5,4.128614765545601,1.0,0.0
691.0,2.5,4.125806121237927,1.0,0.0
692.0,2.5,4.123215794986313,1.0,0.0
693.0,2.5,4.1208229134493735,1.0,0.0
694.0,2.5,4.118607471025524,1.0,0.0
695.0,2.5,4.116551784497935,1.0,0.0
696.0,2.5,4.114640381218213,1.0,0.0
697.0,2.5,4.112859689636109,1.0,0.0
698.0,2.5,4.111197424781445,1.0,0.0
699.0,2.5,4.1096425953611275,1.0,0.0
700.0,2.5,4.108185319207477,1.0,0.0
701.0,2.5,4.106817367636223,1.0,0.0
702.0,2.5,4.105530584404381,1.0,0.0
703.0,2.5,4.104318858718375,1.0,0.0
704.0,2.5,4.103175499004113,1.0,0.0
705.0,2.5,4.102095597490596,1.0,0.0
706.0,2.5,4.101073956789457,1.0,0.0
707.0,2.5,4.100106646480028,1.0,0.0
708.0,2.5,4.099189265075946,1.0,0.0
709.0,2.5,4.0983181499111465,1.0,0.0
710.0,2.5,4.0974904450012435,1.0,0.0
711.0,2.5,4.096702826328648,1.0,0.0
712.0,2.5,4.095952583807382,1.0,0.0
713.0,2.5,4.0952374707757215,1.0,0.0
714.0,2.5,4.094555187694315,1.0,0.0
715.0,2.5,4.093903667889831,1.0,0.0
716.0,2.5,4.093280877078022,1.0,0.0
717.0,2.5,4.092685281272766,1.0,0.0
718.0,2.5,4.092115414449436,1.0,0.0
719.0,2.5,4.091569972939239,1.0,0.0
720.0,2.5,4.09104717147136,1.0,0.0
721.0,2.5,4.090545739714515,1.0,0.0
722.0,2.5,4.0900648204169885,1.0,0.0
723.0,2.5,4.089603449382283,1.0,0.0
724.0,2.5,4.089160753388908,1.0,0.0
725.0,2.5,4.088735029900462,1.0,0.0
726.0,2.5,4.0883258737423,1.0,0.0
727.0,2.5,4.0879325054599285,1.0,0.0
728.0,2.5,4.087554207133284,1.0,0.0
729.0,2.5,4.087190186810957,1.0,0.0
730.0,2.5,4.086839527158593,1.0,0.0
731.0,2.5,4.086501759926133,1.0,0.0
732.0,2.5,4.0861762895157385,1.0,0.0
733.0,2.5,4.085862558779947,1.0,0.0
734.0,2.5,4.085559956599416,1.0,0.0
735.0,2.5,4.08526796397757,1.0,0.0
736.0,2.5,4.084986129068984,1.0,0.0
737.0,2.5,4.084713999265481,1.0,0.0
738.0,2.5,4.084451147597297,1.0,0.0
739.0,2.5,4.08419712400763,1.0,0.0
740.0,2.5,4.083951565539416,1.0,0.0
741.0,2.5,4.083714107407066,1.0,0.0
742.0,2.5,4.083484404949723,1.0,0.0
743.0,2.5,4.083262100125357,1.0,0.0
744.0,2.5,4.083046824275364,1.0,0.0
745.0,2.5,4.08283832164241,1.0,0.0
746.0,2.5,4.082636310723714,1.0,0.0
747.0,2.5,4.0824405255597345,1.0,0.0
748.0,2.5,4.082250714809793,1.0,0.0
749.0,2.5,4.082066640890373,1.0,0.0
750.0,2.5,4.0818880791738374,1.0,0.0
751.0,2.5,4.08171473227161,1.0,0.0
752.0,2.5,4.08154625823742,1.0,0.0
753.0,2.5,4.081382576608256,1.0,0.0
754.0,2.5,4.081223491802858,1.0,0.0
755.0,2.5,4.0810688177970835,1.0,0.0
756.0,2.5,4.080918377636783,1.0,0.0
757.0,2.5,4.080772002987455,1.0,0.0
758.0,2.5,4.08062953371918,1.0,0.0
759.0,2.5,4.080490740915204,1.0,0.0
760.0,2.5,4.080355347942114,1.0,0.0
761.0,2.5,4.080223318596588,1.0,0.0
762.0,2.5,4.080094506404174,1.0,0.0
763.0,2.5,4.079968770905705,1.0,0.0
764.0,2.5,4.0798459774126865,1.0,0.0
765.0,2.5,4.0797259967792545,1.0,0.0
766.0,2.5,4.079608705189785,1.0,0.0
767.0,2.5,4.079493948205887,1.0,0.0
768.0,2.5,4.079381547473939,1.0,0.0
769.0,2.5,4.079271442100604,1.0,0.0
770.0,2.5,4.079163519575337,1.0,0.0
771.0,2.5,4.079057671435461,1.0,0.0
772.0,2.5,4.078953793119238,1.0,0.0
773.0,2.5,4.078851783826287,1.0,0.0
774.0,2.5,4.07875154638534,1.0,0.0
775.0,2.5,4.0786529792242465,1.0,0.0
776.0,2.5,4.078555977035114,1.0,0.0
777.0,2.5,4.078460463561321,1.0,0.0
778.0,2.5,4.0783663529236325,1.0,0.0
779.0,2.5,4.078273562173607,1.0,0.0
780.0,2.5,4.078182011193613,1.0,0.0
781.0,2.5,4.078091622601979,1.0,0.0
782.0,2.5,4.078002321662702,1.0,0.0
783.0,2.5,4.077914035307862,1.0,0.0
784.0,2.5,4.077826692056932,1.0,0.0
785.0,2.5,4.0777402258409134,1.0,0.0
786.0,2.5,4.077654571435659,1.0,0.0
787.0,2.5,4.077569665857292,1.0,0.0
788.0,2.5,4.077485448296463,1.0,0.0
789.0,2.5,4.077401860056638,1.0,0.0
790.0,2.5,4.077318844495759,1.0,0.0
791.0,2.5,4.077236341050073,1.0,0.0
792.0,2.5,4.0771542857423775,1.0,0.0
793.0,2.5,4.0770726373132895,1.0,0.0
794.0,2.5,4.076991345937895,1.0,0.0
795.0,2.5,4.076910363576668,1.0,0.0
796.0,2.5,4.076829643933492,1.0,0.0
797.0,2.5,4.076749142416511,1.0,0.0
798.0,2.5,4.076668816102087,1.0,0.0
799.0,2.5,4.076588623701528,1.0,0.0
800.0,2.5,4.07650852553042,1.0,0.0
801.0,2.5,4.076428483480787,1.0,0.0
802.0,2.5,4.076348460995688,1.0,0.0
803.0,2.5,4.076268423046131,1.0,0.0
804.0,2.5,4.076188320415346,1.0,0.0
805.0,2.5,4.076108076853919,1.0,0.0
806.0,2.5,4.076027700246825,1.0,0.0
807.0,2.5,4.075947158610126,1.0,0.0
808.0,2.5,4.075866421197667,1.0,0.0
809.0,2.5,4.075785458480302,1.0,0.0
810.0,2.5,4.075704242126962,1.0,0.0
811.0,2.5,4.075622744987126,1.0,0.0
812.0,2.5,4.07554094107501,1.0,0.0
813.0,2.5,4.075458805555057,1.0,0.0
814.0,2.5,4.0753763147289055,1.0,0.0
815.0,2.5,4.075293446023828,1.0,0.0
816.0,2.5,4.075210177982228,1.0,0.0
817.0,2.5,4.075126478009019,1.0,0.0
818.0,2.5,4.075042268381398,1.0,0.0
819.0,2.5,4.0749575776201485,1.0,0.0
820.0,2.5,4.074872385282608,1.0,0.0
821.0,2.5,4.07478667174869,1.0,0.0
822.0,2.5,4.074700418206247,1.0,0.0
823.0,2.5,4.074613606637252,1.0,0.0
824.0,2.5,4.074526219804822,1.0,0.0
825.0,2.5,4.07443824124094,1.0,0.0
826.0,2.5,4.0743496552349345,1.0,0.0
827.0,2.5,4.07426044682273,1.0,0.0
828.0,2.5,4.074170601776774,1.0,0.0
829.0,2.5,4.074080106596522,1.0,0.0
830.0,2.5,4.073988944409249,1.0,0.0
831.0,2.5,4.07389706411082,1.0,0.0
832.0,2.5,4.07380448348669,1.0,0.0
833.0,2.5,4.073711189875896,1.0,0.0
834.0,2.5,4.073617171155592,1.0,0.0
835.0,2.5,4.073522415729633,1.0,0.0
836.0,2.5,4.073426912517358,1.0,0.0
837.0,2.5,4.073330650942989,1.0,0.0
838.0,2.5,4.073233620925456,1.0,0.0
839.0,2.5,4.073135812868662,1.0,0.0
840.0,2.5,4.073037217652044,1.0,0.0
841.0,2.5,4.072937826621785,1.0,0.0
842.0,2.5,4.072837631582176,1.0,0.0
843.0,2.5,4.072736624454799,1.0,0.0
844.0,2.5,4.072634785196609,1.0,0.0
845.0,2.5,4.07253211599917,1.0,0.0
846.0,2.5,4.07242860985028,1.0,0.0
847.0,2.5,4.072324260116496,1.0,0.0
848.0,2.5,4.072219060535384,1.0,0.0
849.0,2.5,4.072113005207956,1.0,0.0
850.0,2.5,4.072006088591653,1.0,0.0
851.0,2.5,4.07189830549335,1.0,0.0
852.0,2.5,4.071789651062911,1.0,0.0
853.0,2.5,4.071680120786833,1.0,0.0
854.0,2.5,4.071569710482282,1.0,0.0
855.0,2.5,4.071458416291358,1.0,0.0
856.0,2.5,4.071346234675647,1.0,0.0
857.0,2.5,4.071233157910828,1.0,0.0
858.0,2.5,4.071119185993691,1.0,0.0
859.0,2.5,4.0710043162925444,1.0,0.0
860.0,2.5,4.070888546282846,1.0,0.0
861.0,2.5,4.070771873720951,1.0,0.0
862.0,2.5,4.0706542966396135,1.0,0.0
863.0,2.5,4.070535813343663,1.0,0.0
864.0,2.5,4.070416422405941,1.0,0.0
865.0,2.5,4.070296122663345,1.0,0.0
866.0,2.5,4.070174913213193,1.0,0.0
867.0,2.5,4.070052793409649,1.0,0.0
868.0,2.5,4.069929762860374,1.0,0.0
869.0,2.5,4.069805821423346,1.0,0.0
870.0,2.5,4.069680951292653,1.0,0.0
871.0,2.5,4.069555163670968,1.0,0.0
872.0,2.5,4.069428460770549,1.0,0.0
873.0,2.5,4.069300842934896,1.0,0.0
874.0,2.5,4.069172310729855,1.0,0.0
875.0,2.5,4.069042864941206,1.0,0.0
876.0,2.5,4.06891250657255,1.0,0.0
877.0,2.5,4.068781236843257,1.0,0.0
878.0,2.5,4.068649057186542,1.0,0.0
879.0,2.5,4.06851596924772,1.0,0.0
880.0,2.5,4.068381974882488,1.0,0.0
881.0,2.5,4.068247076155449,1.0,0.0
882.0,2.5,4.06811127533861,1.0,0.0
883.0,2.5,4.067974574910159,1.0,0.0
884.0,2.5,4.067836977553112,1.0,0.0
885.0,2.5,4.067698486154311,1.0,0.0
886.0,2.5,4.067559103803314,1.0,0.0
887.0,2.5,4.067418833791489,1.0,0.0
888.0,2.5,4.067277679611176,1.0,0.0
889.0,2.5,4.067135644954893,1.0,0.0
890.0,2.5,4.066992733714616,1.0,0.0
891.0,2.5,4.066848892267121,1.0,0.0
892.0,2.5,4.066704158323439,1.0,0.0
893.0,2.5,4.066558545968444,1.0,0.0
894.0,2.5,4.066412058590058,1.0,0.0
895.0,2.5,4.066264699716728,1.0,0.0
896.0,2.5,4.066116473016315,1.0,0.0
897.0,2.5,4.065967382294969,1.0,0.0
898.0,2.5,4.065817431496182,1.0,0.0
899.0,2.5,4.065666624699817,1.0,0.0
900.0,2.5,4.065514966121278,1.0,0.0
901.0,2.5,4.0653624601105625,1.0,0.0
902.0,2.5,4.065209111151687,1.0,0.0
903.0,2.5,4.065054923861827,1.0,0.0
904.0,2.5,4.064899902990779,1.0,0.0
905.0,2.5,4.064744053420258,1.0,0.0
906.0,2.5,4.064587380163446,1.0,0.0
907.0,2.5,4.064429888364402,1.0,0.0
908.0,2.5,4.06427158329768,1.0,0.0
909.0,2.5,4.064112470367832,1.0,0.0
910.0,2.5,4.063952555109091,1.0,0.0
911.0,2.5,4.063791843184997,1.0,0.0
912.0,2.5,4.063630277497095,1.0,0.0
913.0,2.5,4.063467894940995,1.0,0.0
914.0,2.5,4.063304716928806,1.0,0.0
915.0,2.5,4.063140748220183,1.0,0.0
916.0,2.5,4.062975993642285,1.0,0.0
917.0,2.5,4.06281045808888,1.0,0.0
918.0,2.5,4.062644146519421,1.0,0.0
919.0,2.5,4.062477063958197,1.0,0.0
920.0,2.5,4.062309215493494,1.0,0.0
921.0,2.5,4.062140606276824,1.0,0.0
922.0,2.5,4.061971241522149,1.0,0.0
923.0,2.5,4.061801126505238,1.0,0.0
924.0,2.5,4.0616302665629105,1.0,0.0
925.0,2.5,4.061458667092474,1.0,0.0
926.0,2.5,4.061286333551058,1.0,0.0
927.0,2.5,4.061113271455032,1.0,0.0
928.0,2.5,4.060939486379491,1.0,0.0
929.0,2.5,4.060764983957747,1.0,0.0
930.0,2.5,4.060589769880763,1.0,0.0
931.0,2.5,4.060413849896752,1.0,0.0
932.0,2.5,4.060237229810745,1.0,0.0
933.0,2.5,4.06005987981483,1.0,0.0
934.0,2.5,4.0598818196646285,1.0,0.0
935.0,2.5,4.059703067216386,1.0,0.0
936.0,2.5,4.059523627666805,1.0,0.0
937.0,2.5,4.059343506233953,1.0,0.0
938.0,2.5,4.059162708156519,1.0,0.0
939.0,2.5,4.058981238693309,1.0,0.0
940.0,2.5,4.058799103122527,1.0,0.0
941.0,2.5,4.058616306741245,1.0,0.0
942.0,2.5,4.058432854864801,1.0,0.0
943.0,2.5,4.05824875282633,1.0,0.0
944.0,2.5,4.058064005976207,1.0,0.0
945.0,2.5,4.057878619681599,1.0,0.0
946.0,2.5,4.057692599325923,1.0,0.0
947.0,2.5,4.05750595030854,1.0,0.0
948.0,2.5,4.0573186780442025,1.0,0.0
949.0,2.5,4.057130787962739,1.0,0.0
950.0,2.5,4.056942285508683,1.0,0.0
951.0,2.5,4.0567531761408,1.0,0.0
952.0,2.5,4.056563465331922,1.0,0.0
953.0,2.5,4.056373158568492,1.0,0.0
954.0,2.5,4.056182249396747,1.0,0.0
955.0,2.5,4.055990746503981,1.0,0.0
956.0,2.5,4.055798660633878,1.0,0.0
957.0,2.5,4.055605997033133,1.0,0.0
958.0,2.5,4.05541276094956,1.0,0.0
959.0,2.5,4.055218957631721,1.0,0.0
960.0,2.5,4.055024592328643,1.0,0.0
961.0,2.5,4.054829670289562,1.0,0.0
962.0,2.5,4.054634196763572,1.0,0.0
963.0,2.5,4.054438176999461,1.0,0.0
964.0,2.5,4.054241616245413,1.0,0.0
965.0,2.5,4.054044519748825,1.0,0.0
966.0,2.5,4.053846892756033,1.0,0.0
967.0,2.5,4.053648740512184,1.0,0.0
968.0,2.5,4.0534500682609895,1.0,0.0
969.0,2.5,4.05325088124461,1.0,0.0
970.0,2.5,4.053051184703445,1.0,0.0
971.0,2.5,4.0528509838760245,1.0,0.0
972.0,2.5,4.052650283998865,1.0,0.0
973.0,2.5,4.05244909030632,1.0,0.0
974.0,2.5,4.052247408030486,1.0,0.0
975.0,2.5,4.052045239239031,1.0,0.0
976.0,2.5,4.051842589327295,1.0,0.0
977.0,2.5,4.051639465184019,1.0,0.0
978.0,2.5,4.051435871888983,1.0,0.0
979.0,2.5,4.051231814512316,1.0,0.0
980.0,2.5,4.051027298114285,1.0,0.0
981.0,2.5,4.0508223277452835,1.0,0.0
982.0,2.5,4.050616908445679,1.0,0.0
983.0,2.5,4.050411045245694,1.0,0.0
984.0,2.5,4.050204743165406,1.0,0.0
985.0,2.5,4.049998007214599,1.0,0.0
986.0,2.5,4.0497908423927385,1.0,0.0
987.0,2.5,4.049583253688934,1.0,0.0
988.0,2.5,4.049375246081811,1.0,0.0
989.0,2.5,4.049166824539588,1.0,0.0
990.0,2.5,4.048957994019945,1.0,0.0
990.000000001,0.0,4.066274523105717,1.0,1.0
991.0,0.0,4.067511739204034,1.0,1.0
992.0,0.0,4.068650009253588,1.0,1.0
993.0,0.0,4.0696997147561635,1.0,1.0
994.0,0.0,4.070670124553682,1.0,1.0
995.0,0.0,4.0715693731808384,1.0,1.0
996.0,0.0,4.072404508687583,1.0,1.0
997.0,0.0,4.073181636025303,1.0,1.0
998.0,0.0,4.0739062339845,1.0,1.0
999.0,0.0,4.074584320156081,1.0,1.0
1000.0,0.0,4.075218792981734,1.0,1.0
1001.0,0.0,4.07581509928771,1.0,1.0
1002.0,0.0,4.0763762026188575,1.0,1.0
1003.0,0.0,4.0769049131918,1.0,1.0
1004.0,0.0,4.077404780641758,1.0,1.0
1005.0,0.0,4.077877158490983,1.0,1.0
1006.0,0.0,4.07832509236538,1.0,1.0
1007.0,0.0,4.0787501488805855,1.0,1.0
1008.0,0.0,4.079154052977803,1.0,1.0
1009.0,0.0,4.079538687437624,1.0,1.0
1010.0,0.0,4.0799050326547475,1.0,1.0
1011.0,0.0,4.080254786713908,1.0,1.0
1012.0,0.0,4.080588888736091,1.0,1.0
1013.0,0.0,4.080908472259136,1.0,1.0
1014.0,0.0,4.081214603883834,1.0,1.0
1015.0,0.0,4.081507905298471,1.0,1.0
1016.0,0.0,4.0817893903723315,1.0,1.0
1017.0,0.0,4.082059896227781,1.0,1.0
1018.0,0.0,4.082320048210548,1.0,1.0
1019.0,0.0,4.082570341984091,1.0,1.0
1020.0,0.0,4.082811496044326,1.0,1.0
1021.0,0.0,4.083044069852036,1.0,1.0
1022.0,0.0,4.083268510883889,1.0,1.0
1023.0,0.0,4.083485244294439,1.0,1.0
1024.0,0.0,4.083694693278856,1.0,1.0
1025.0,0.0,4.08389721605856,1.0,1.0
1026.0,0.0,4.0840933422143015,1.0,1.0
1027.0,0.0,4.08428335109877,1.0,1.0
1028.0,0.0,4.084467487019907,1.0,1.0
1029.0,0.0,4.084645991753886,1.0,1.0
1030.0,0.0,4.084819072696092,1.0,1.0
1031.0,0.0,4.084986904340376,1.0,1.0
1032.0,0.0,4.085149911007361,1.0,1.0
1033.0,0.0,4.085308604700753,1.0,1.0
1034.0,0.0,4.08546285585263,1.0,1.0
1035.0,0.0,4.0856128132306715,1.0,1.0
1036.0,0.0,4.08575860412488,1.0,1.0
1037.0,0.0,4.085900335197976,1.0,1.0
1038.0,0.0,4.086038098836824,1.0,1.0
1039.0,0.0,4.08617270770479,1.0,1.0
1040.0,0.0,4.086303863559995,1.0,1.0
1041.0,0.0,4.086431684092347,1.0,1.0
1042.0,0.0,4.086556275849842,1.0,1.0
1043.0,0.0,4.086677734646073,1.0,1.0
1044.0,0.0,4.0867961459470274,1.0,1.0
1045.0,0.0,4.086911791390844,1.0,1.0
1046.0,0.0,4.08702481724515,1.0,1.0
1047.0,0.0,4.087135220618481,1.0,1.0
1048.0,0.0,4.0872430942025275,1.0,1.0
1049.0,0.0,4.087348524979184,1.0,1.0
1050.0,0.0,4.087451594413944,1.0,1.0
1051.0,0.0,4.087552393836369,1.0,1.0
1052.0,0.0,4.0876510648822855,1.0,1.0
1053.0,0.0,4.087747639120805,1.0,1.0
1054.0,0.0,4.08784218853943,1.0,1.0
1055.0,0.0,4.087934781211356,1.0,1.0
1056.0,0.0,4.088025481420903,1.0,1.0
1057.0,0.0,4.088114349783614,1.0,1.0
1058.0,0.0,4.088201455845237,1.0,1.0
1059.0,0.0,4.088286851571946,1.0,1.0
1060.0,0.0,4.088370586763548,1.0,1.0
1061.0,0.0,4.088452710494326,1.0,1.0
1062.0,0.0,4.088533268835792,1.0,1.0
1063.0,0.0,4.088612304946186,1.0,1.0
1064.0,0.0,4.08868988445602,1.0,1.0
1065.0,0.0,4.088766078305341,1.0,1.0
1066.0,0.0,4.0888408949833455,1.0,1.0
1067.0,0.0,4.088914370653588,1.0,1.0
1068.0,0.0,4.088986538911817,1.0,1.0
1069.0,0.0,4.089057430858544,1.0,1.0
1070.0,0.0,4.089127075168416,1.0,1.0
1071.0,0.0,4.0891954981568714,1.0,1.0
1072.0,0.0,4.089262723844032,1.0,1.0
1073.0,0.0,4.089328774015838,1.0,1.0
1074.0,0.0,4.089393689368266,1.0,1.0
1075.0,0.0,4.089457657266609,1.0,1.0
1076.0,0.0,4.0895205732893665,1.0,1.0
1077.0,0.0,4.089582460509208,1.0,1.0
1078.0,0.0,4.089643340419053,1.0,1.0
1079.0,0.0,4.089703232972178,1.0,1.0
1080.0,0.0,4.089762156620776,1.0,1.0
1081.0,0.0,4.089820128353002,1.0,1.0
1082.0,0.0,4.089877163728433,1.0,1.0
1083.0,0.0,4.0899332769123,1.0,1.0
1084.0,0.0,4.089988480708047,1.0,1.0
1085.0,0.0,4.090042942961702,1.0,1.0
1086.0,0.0,4.090096605343914,1.0,1.0
1087.0,0.0,4.09014946085848,1.0,1.0
1088.0,0.0,4.0902015264805796,1.0,1.0
1089.0,0.0,4.090252818381426,1.0,1.0
1090.0,0.0,4.090303351946826,1.0,1.0
1091.0,0.0,4.090353141795051,1.0,1.0
1092.0,0.0,4.090402201794179,1.0,1.0
1093.0,0.0,4.090450545078762,1.0,1.0
1094.0,0.0,4.090498184065852,1.0,1.0
1095.0,0.0,4.09054517636494,1.0,1.0
1096.0,0.0,4.090591544875099,1.0,1.0
1097.0,0.0,4.090637274177523,1.0,1.0
1098.0,0.0,4.090682378239904,1.0,1.0
1099.0,0.0,4.090726870582236,1.0,1.0
1100.0,0.0,4.090770764286746,1.0,1.0
1101.0,0.0,4.090814072007476,1.0,1.0
1102.0,0.0,4.0908568059794765,1.0,1.0
1103.0,0.0,4.09089897802794,1.0,1.0
1104.0,0.0,4.090940599576809,1.0,1.0
1105.0,0.0,4.090981683409852,1.0,1.0
1106.0,0.0,4.091022245792877,1.0,1.0
1107.0,0.0,4.091062295272398,1.0,1.0
1108.0,0.0,4.091101843141846,1.0,1.0
1109.0,0.0,4.091140900448937,1.0,1.0
1110.0,0.0,4.091179478000868,1.0,1.0
1110.000000001,-2.5,4.108685027099113,1.0,2.0
1111.0,-2.5,4.109249145264736,1.0,2.0
1112.0,-2.5,4.109756288211877,1.0,2.0
1113.0,-2.5,4.110216306657217,1.0,2.0
1114.0,-2.5,4.11063679848971,1.0,2.0
1115.0,-2.5,4.111024144279855,1.0,2.0
1116.0,-2.5,4.111383688693465,1.0,2.0
1117.0,-2.5,4.111719910353336,1.0,2.0
1118.0,-2.5,4.112036627838165,1.0,2.0
1119.0,-2.5,4.1123374513584645,1.0,2.0
1120.0,-2.5,4.112624703713546,1.0,2.0
1121.0,-2.5,4.112901264842645,1.0,2.0
1122.0,-2.5,4.113169023059253,1.0,2.0
1123.0,-2.5,4.113429662109631,1.0,2.0
1124.0,-2.5,4.1136849705905485,1.0,2.0
1125.0,-2.5,4.11393590218169,1.0,2.0
1126.0,-2.5,4.114183898556045,1.0,2.0
1127.0,-2.5,4.114429812580923,1.0,2.0
1128.0,-2.5,4.114674508933649,1.0,2.0
1129.0,-2.5,4.114918858556363,1.0,2.0
1130.0,-2.5,4.115163355133316,1.0,2.0
1131.0,-2.5,4.115408750813659,1.0,2.0
1132.0,-2.5,4.115655457774607,1.0,2.0
1133.0,-2.5,4.115903970540377,1.0,2.0
1134.0,-2.5,4.116154731935361,1.0,2.0
1135.0,-2.5,4.1164079747050675,1.0,2.0
1136.0,-2.5,4.116664113153866,1.0,2.0
1137.0,-2.5,4.116923483994771,1.0,2.0
1138.0,-2.5,4.117186304751822,1.0,2.0
1139.0,-2.5,4.117452733393656,1.0,2.0
1140.0,-2.5,4.117723048647415,1.0,2.0
1141.0,-2.5,4.117997449976209,1.0,2.0
1142.0,-2.5,4.118276067261086,1.0,2.0
1143.0,-2.5,4.118559027442687,1.0,2.0
1144.0,-2.5,4.118846454892512,1.0,2.0
1145.0,-2.5,4.119138434977853,1.0,2.0
1146.0,-2.5,4.119435211584634,1.0,2.0
1147.0,-2.5,4.1197368141989426,1.0,2.0
1148.0,-2.5,4.120043272604645,1.0,2.0
1149.0,-2.5,4.120354607129009,1.0,2.0
1150.0,-2.5,4.120670808247033,1.0,2.0
1151.0,-2.5,4.120991834230043,1.0,2.0
1152.0,-2.5,4.121317949818342,1.0,2.0
1153.0,-2.5,4.1216494070134075,1.0,2.0
1154.0,-2.5,4.121985930927271,1.0,2.0
1155.0,-2.5,4.122327484251333,1.0,2.0
1156.0,-2.5,4.122674005538976,1.0,2.0
1157.0,-2.5,4.123025407361925,1.0,2.0
1158.0,-2.5,4.123381649938508,1.0,2.0
1159.0,-2.5,4.1237434461927736,1.0,2.0
1160.0,-2.5,4.124110291142608,1.0,2.0
1161.0,-2.5,4.124482143996708,1.0,2.0
1162.0,-2.5,4.124858951949952,1.0,2.0
1163.0,-2.5,4.125240649374779,1.0,2.0
1164.0,-2.5,4.125627156974626,1.0,2.0
1165.0,-2.5,4.126018765297173,1.0,2.0
1166.0,-2.5,4.126415420508046,1.0,2.0
1167.0,-2.5,4.1268169804047625,1.0,2.0
1168.0,-2.5,4.1272234104186545,1.0,2.0
1169.0,-2.5,4.127634671758837,1.0,2.0
1170.0,-2.5,4.128050721125763,1.0,2.0
1171.0,-2.5,4.128471557190049,1.0,2.0
1172.0,-2.5,4.128897234233817,1.0,2.0
1173.0,-2.5,4.129327650792582,1.0,2.0
1174.0,-2.5,4.1297627716613174,1.0,2.0
1175.0,-2.5,4.130202559226611,1.0,2.0
1176.0,-2.5,4.13064697326481,1.0,2.0
1177.0,-2.5,4.131095970727928,1.0,2.0
1178.0,-2.5,4.131549539618323,1.0,2.0
1179.0,-2.5,4.132007619400688,1.0,2.0
1180.0,-2.5,4.132470161637274,1.0,2.0
1181.0,-2.5,4.132937116253136,1.0,2.0
1182.0,-2.5,4.133408429926535,1.0,2.0
1183.0,-2.5,4.133884045858476,1.0,2.0
1184.0,-2.5,4.13436399518869,1.0,2.0
1185.0,-2.5,4.134848256511372,1.0,2.0
1186.0,-2.5,4.135336720628326,1.0,2.0
1187.0,-2.5,4.135829329839066,1.0,2.0
1188.0,-2.5,4.136326022479192,1.0,2.0
1189.0,-2.5,4.136826732668227,1.0,2.0
1190.0,-2.5,4.137331390055763,1.0,2.0
1191.0,-2.5,4.137839919566874,1.0,2.0
1192.0,-2.5,4.138352241147238,1.0,2.0
1193.0,-2.5,4.138868269508739,1.0,2.0
1194.0,-2.5,4.139388090405576,1.0,2.0
1195.0,-2.5,4.139911945468805,1.0,2.0
1196.0,-2.5,4.140439469506935,1.0,2.0
1197.0,-2.5,4.140970596830726,1.0,2.0
1198.0,-2.5,4.141505258693858,1.0,2.0
1199.0,-2.5,4.142043383132191,1.0,2.0
1200.0,-2.5,4.142584894803722,1.0,2.0
1201.0,-2.5,4.143129714829247,1.0,2.0
1202.0,-2.5,4.143677760634381,1.0,2.0
1203.0,-2.5,4.1442289457928165,1.0,2.0
1204.0,-2.5,4.14478322862258,1.0,2.0
1205.0,-2.5,4.145341122756782,1.0,2.0
1206.0,-2.5,4.145902133383769,1.0,2.0
1207.0,-2.5,4.146466201686998,1.0,2.0
1208.0,-2.5,4.147033267834858,1.0,2.0
1209.0,-2.5,4.1476032709162425,1.0,2.0
1210.0,-2.5,4.148176148876015,1.0,2.0
1211.0,-2.5,4.148751838450418,1.0,2.0
1212.0,-2.5,4.149330275102583,1.0,2.0
1213.0,-2.5,4.149911392958335,1.0,2.0
1214.0,-2.5,4.150495124742351,1.0,2.0
1215.0,-2.5,4.151081702911843,1.0,2.0
1216.0,-2.5,4.151670935118932,1.0,2.0
1217.0,-2.5,4.152262725946282,1.0,2.0
1218.0,-2.5,4.152857026354436,1.0,2.0
1219.0,-2.5,4.153453787405518,1.0,2.0
1220.0,-2.5,4.154052960236228,1.0,2.0
1221.0,-2.5,4.154654496030229,1.0,2.0
1222.0,-2.5,4.155258345990371,1.0,2.0
1223.0,-2.5,4.155864461310419,1.0,2.0
1224.0,-2.5,4.156472793146713,1.0,2.0
1225.0,-2.5,4.157083337101548,1.0,2.0
1226.0,-2.5,4.157696051150865,1.0,2.0
1227.0,-2.5,4.1583108666402815,1.0,2.0
1228.0,-2.5,4.158927739327761,1.0,2.0
1229.0,-2.5,4.159546625154724,1.0,2.0
1230.0,-2.5,4.160167480223082,1.0,2.0
1231.0,-2.5,4.160790260771999,1.0,2.0
1232.0,-2.5,4.161414923154602,1.0,2.0
1233.0,-2.5,4.162041423814567,1.0,2.0
1234.0,-2.5,4.16266971926274,1.0,2.0
1235.0,-2.5,4.163299771039238,1.0,2.0
1236.0,-2.5,4.1639315429873,1.0,2.0
1237.0,-2.5,4.164564985346292,1.0,2.0
1238.0,-2.5,4.165200055599982,1.0,2.0
1239.0,-2.5,4.165836711249497,1.0,2.0
1240.0,-2.5,4.1664749097914004,1.0,2.0
1241.0,-2.5,4.1671146086956625,1.0,2.0
1242.0,-2.5,4.167755765383997,1.0,2.0
1243.0,-2.5,4.168398337208374,1.0,2.0
1244.0,-2.5,4.1690422814296175,1.0,2.0
1245.0,-2.5,4.169687567259625,1.0,2.0
1246.0,-2.5,4.170334241751983,1.0,2.0
1247.0,-2.5,4.170982193315098,1.0,2.0
1248.0,-2.5,4.171631382319352,1.0,2.0
1249.0,-2.5,4.172281769042215,1.0,2.0
1250.0,-2.5,4.172933313647918,1.0,2.0
1251.0,-2.5,4.173585976167334,1.0,2.0
1252.0,-2.5,4.174239716478154,1.0,2.0
1253.0,-2.5,4.1748944942855015,1.0,2.0
1254.0,-2.5,4.175550269102773,1.0,2.0
1255.0,-2.5,4.1762070002328775,1.0,2.0
1256.0,-2.5,4.176864646749841,1.0,2.0
1257.0,-2.5,4.177523167480745,1.0,2.0
1258.0,-2.5,4.178182520988054,1.0,2.0
1259.0,-2.5,4.178842665552368,1.0,2.0
1260.0,-2.5,4.179503559155461,1.0,2.0
1260.000000001,0.0,4.160964013318741,1.0,3.0
1261.0,0.0,4.158572141824962,1.0,3.0
1262.0,0.0,4.156376079810138,1.0,3.0
1263.0,0.0,4.154355287883229,1.0,3.0
1264.0,0.0,4.152491375699777,1.0,3.0
1265.0,0.0,4.15076812516371,1.0,3.0
1266.0,0.0,4.149171470426165,1.0,3.0
1267.0,0.0,4.147689317719975,1.0,3.0
1268.0,0.0,4.146309632986848,1.0,3.0
1269.0,0.0,4.145023571363815,1.0,3.0
1270.0,0.0,4.143820927136515,1.0,3.0
1271.0,0.0,4.142695079880294,1.0,3.0
1272.0,0.0,4.1416381894283445,1.0,3.0
1273.0,0.0,4.14064487102113,1.0,3.0
1274.0,0.0,4.13970920934347,1.0,3.0
1275.0,0.0,4.138826626364079,1.0,3.0
1276.0,0.0,4.137992857750286,1.0,3.0
1277.0,0.0,4.137204112149755,1.0,3.0
1278.0,0.0,4.136456270215449,1.0,3.0
1279.0,0.0,4.135746551393303,1.0,3.0
1280.0,0.0,4.135072086036729,1.0,3.0
1281.0,0.0,4.134429879915956,1.0,3.0
1282.0,0.0,4.133817769759332,1.0,3.0
1283.0,0.0,4.133233704495695,1.0,3.0
1284.0,0.0,4.132675743275834,1.0,3.0
1285.0,0.0,4.132141856675212,1.0,3.0
1286.0,0.0,4.13163047997326,1.0,3.0
1287.0,0.0,4.13114039589672,1.0,3.0
1288.0,0.0,4.130670508342971,1.0,3.0
1289.0,0.0,4.130219777592415,1.0,3.0
1290.0,0.0,4.129785742285175,1.0,3.0
1291.0,0.0,4.129368320529917,1.0,3.0
1292.0,0.0,4.1289667590876435,1.0,3.0
1293.0,0.0,4.128580441095567,1.0,3.0
1294.0,0.0,4.128208154421832,1.0,3.0
1295.0,0.0,4.127848527451031,1.0,3.0
1296.0,0.0,4.127501498535111,1.0,3.0
1297.0,0.0,4.127166525127259,1.0,3.0
1298.0,0.0,4.12684313956645,1.0,3.0
1299.0,0.0,4.126530143174026,1.0,3.0
1300.0,0.0,4.1262271792578895,1.0,3.0
1301.0,0.0,4.125933882682511,1.0,3.0
1302.0,0.0,4.125649818819935,1.0,3.0
1303.0,0.0,4.125374543972036,1.0,3.0
1304.0,0.0,4.125107415795206,1.0,3.0
1305.0,0.0,4.124848189574386,1.0,3.0
1306.0,0.0,4.124596511743216,1.0,3.0
1307.0,0.0,4.124352057786894,1.0,3.0
1308.0,0.0,4.124114469897172,1.0,3.0
1309.0,0.0,4.123883423770482,1.0,3.0
1310.0,0.0,4.123658683075876,1.0,3.0
1311.0,0.0,4.123440001395834,1.0,3.0
1312.0,0.0,4.123227154652392,1.0,3.0
1313.0,0.0,4.123019671431074,1.0,3.0
1314.0,0.0,4.122817455156986,1.0,3.0
1315.0,0.0,4.122620334724273,1.0,3.0
1316.0,0.0,4.122428142796556,1.0,3.0
1317.0,0.0,4.12224073234334,1.0,3.0
1318.0,0.0,4.122057976175602,1.0,3.0
1319.0,0.0,4.121879766506314,1.0,3.0
1320.0,0.0,4.121706014534377,1.0,3.0
1321.0,0.0,4.121535798038875,1.0,3.0
1322.0,0.0,4.121369506151888,1.0,3.0
1323.0,0.0,4.121207051728784,1.0,3.0
1324.0,0.0,4.12104834283579,1.0,3.0
1325.0,0.0,4.120893300672793,1.0,3.0
1326.0,0.0,4.120741859315891,1.0,3.0
1327.0,0.0,4.120593965473212,1.0,3.0
1328.0,0.0,4.12044955868774,1.0,3.0
1329.0,0.0,4.12030772622053,1.0,3.0
1330.0,0.0,4.120168950001753,1.0,3.0
1331.0,0.0,4.120033151243904,1.0,3.0
1332.0,0.0,4.119900257880457,1.0,3.0
1333.0,0.0,4.119770204439625,1.0,3.0
1334.0,0.0,4.119642931924266,1.0,3.0
1335.0,0.0,4.119518387696884,1.0,3.0
1336.0,0.0,4.119396494292352,1.0,3.0
1337.0,0.0,4.119276777146785,1.0,3.0
1338.0,0.0,4.1191594517585095,1.0,3.0
1339.0,0.0,4.119044450606128,1.0,3.0
1340.0,0.0,4.118931709417646,1.0,3.0
1341.0,0.0,4.11882116710964,1.0,3.0
1342.0,0.0,4.118712765728629,1.0,3.0
1343.0,0.0,4.1186064503949895,1.0,3.0
1344.0,0.0,4.118502156713998,1.0,3.0
1345.0,0.0,4.118399739448249,1.0,3.0
1346.0,0.0,4.118299209261662,1.0,3.0
1347.0,0.0,4.118200513557185,1.0,3.0
1348.0,0.0,4.1181036019272454,1.0,3.0
1349.0,0.0,4.118008426115434,1.0,3.0
1350.0,0.0,4.117914939979552,1.0,3.0
1351.0,0.0,4.117823099456101,1.0,3.0
1352.0,0.0,4.117732860639865,1.0,3.0
1353.0,0.0,4.1176441741203815,1.0,3.0
1354.0,0.0,4.117557007544608,1.0,3.0
1355.0,0.0,4.117471323815646,1.0,3.0
1356.0,0.0,4.117387087687448,1.0,3.0
1357.0,0.0,4.11730426573703,1.0,3.0
1358.0,0.0,4.117222826337418,1.0,3.0
1359.0,0.0,4.117142739631756,1.0,3.0
1360.0,0.0,4.117063958651974,1.0,3.0
1361.0,0.0,4.116986396092423,1.0,3.0
1362.0,0.0,4.116910074054813,1.0,3.0
1363.0,0.0,4.116834966029668,1.0,3.0
1364.0,0.0,4.116761047174298,1.0,3.0
1365.0,0.0,4.116688294290901,1.0,3.0
1366.0,0.0,4.11661668580559,1.0,3.0
1367.0,0.0,4.116546201748191,1.0,3.0
1368.0,0.0,4.1164768237325,1.0,3.0
1369.0,0.0,4.116408534937501,1.0,3.0
1370.0,0.0,4.116341320089215,1.0,3.0
1371.0,0.0,4.1162751654430405,1.0,3.0
1372.0,0.0,4.116210058766934,1.0,3.0
1373.0,0.0,4.1161459643077425,1.0,3.0
1374.0,0.0,4.11608277734336,1.0,3.0
1375.0,0.0,4.116020544200532,1.0,3.0
1376.0,0.0,4.115959245171489,1.0,3.0
1377.0,0.0,4.115898860961665,1.0,3.0
1378.0,0.0,4.11583937268339,1.0,3.0
1379.0,0.0,4.115780761849897,1.0,3.0
1380.0,0.0,4.115723010369455,1.0,3.0
