Time [s],Current function [A],Voltage [V],Bulk open-circuit voltage [V]
0.0,0.0,3.9940600038808265,3.994073659378537
1.0,0.0,3.9934400974364435,3.9945094050155294
2.0,0.0,3.9931924312768348,3.9934918569366187
22.0,2.5,3.901594984295584,3.9912540550105384
42.0,2.5,3.891028130251679,3.9893868487446267
62.0,2.5,3.883865313721382,3.9873939263069733
82.0,2.5,3.877784276020087,3.9838181133718575
102.0,2.5,3.873052287863797,3.9811734595473154
122.0,2.5,3.869164303772599,3.979349742147291
142.0,2.5,3.8636034361917506,3.9761514467203365
162.0,2.5,3.8606915906428934,3.9742275375705454
182.0,2.5,3.856679957686296,3.9721111365882544
202.0,2.5,3.8536553418153785,3.9696754030640258
222.0,2.5,3.8506422046386564,3.967341368139329
242.0,2.5,3.8464718834857883,3.9655961675395424
262.0,2.5,3.843935156817346,3.9618817884799675
282.0,2.5,3.8398282738190774,3.9591097299577345
302.0,2.5,3.8386756577737136,3.9565189013422994
322.0,2.5,3.8351569886077397,3.953206866019177
342.0,2.5,3.8316314156998863,3.9530095887695156
362.0,2.5,3.827241817280314,3.9492227489653753
382.0,2.5,3.824631350902216,3.9453990845619606
402.0,2.5,3.8219915942861733,3.9433665217049416
422.0,2.5,3.8187866914525417,3.941940196134663
442.0,2.5,3.813346707487039,3.938521646228344
462.0,2.5,3.811280421897216,3.935360126973933
482.0,2.5,3.807824501301523,3.931662651715079
502.0,2.5,3.805258309277955,3.929712446386599
522.0,2.5,3.8018118629644015,3.9259019218506923
542.0,2.5,3.7976561168909764,3.9240452451318806
562.0,2.5,3.793081919834702,3.920582803240363
582.0,2.5,3.790017059480177,3.916287693305511
602.0,2.5,3.787213595638606,3.9131146320335226
622.0,2.5,3.7837878517770815,3.9096602652872225
642.0,2.5,3.7790073337331425,3.907198709298361
662.0,2.5,3.7756706971842187,3.90286574934386
682.0,2.5,3.772844667129283,3.9000797005581083
702.0,2.5,3.769703350858692,3.8963895134280144
722.0,2.5,3.7654508673606824,3.892455883366552
742.0,2.5,3.761960780310185,3.8894330214254356
762.0,2.5,3.759046733126594,3.887102556478913
782.0,2.5,3.756042648383401,3.88373314875471
802.0,2.5,3.752823629657434,3.881408796180762
822.0,2.5,3.750110891544856,3.877005734922141
842.0,2.5,3.74712871635387,3.874809159618324
862.0,2.5,3.744488789689059,3.872660761108873
882.0,2.5,3.7410632808072006,3.8684171362026354
902.0,2.5,3.738882228615736,3.8662747380626596
922.0,2.5,3.7360453364662884,3.8639337612461513
942.0,2.5,3.7326638750512746,3.8613678199440007
962.0,2.5,3.7307218878540813,3.858382081256084
982.0,2.5,3.7261004458739966,3.8562804244595092
1002.0,2.5,3.724750021751564,3.854182702751653
1022.0,2.5,3.722953559298709,3.8519036784681098
1042.0,2.5,3.718585912107604,3.8492937690785762
1062.0,2.5,3.7165795736228344,3.84637237823459
1082.0,2.5,3.713673723944689,3.8439479662184297
1102.0,2.5,3.7118290703534265,3.8422951768842455
1122.0,2.5,3.7087510927898575,3.8401160203304157
1142.0,2.5,3.7054766094198524,3.837237479859358
1162.0,2.5,3.702866504717262,3.8350114343642914
1182.0,2.5,3.7002422859409383,3.832827757107338
1202.0,2.5,3.697697661729435,3.8319023100834033
1222.0,2.5,3.695427773572367,3.828848626557265
1242.0,2.5,3.6922660591576193,3.826345165349227
1262.0,2.5,3.6895454645347767,3.8249961911573305
1282.0,2.5,3.6861666308629064,3.8224706632420578
1302.0,2.5,3.6843193358326425,3.8210415374137705
1322.0,2.5,3.6818034097565913,3.817031524395962
1342.0,2.5,3.679628105430867,3.8146233520675468
1362.0,2.5,3.6758054034442242,3.8122405877059378
1382.0,2.5,3.6739343493409216,3.811370161057341
1402.0,2.5,3.6713216004317255,3.808382482131546
1422.0,2.5,3.6685374827742927,3.8053698439312402
1442.0,2.5,3.6660015674201514,3.803948365500714
1462.0,2.5,3.663502259695487,3.8007082351467405
1482.0,2.5,3.6605840424995955,3.798653155302674
1502.0,2.5,3.6587347788722506,3.7964897793029952
1522.0,2.5,3.655840077583237,3.7936750410831235
1542.0,2.5,3.6542570194738855,3.7910722995035644
1562.0,2.5,3.650491459003382,3.7888768706107085
1582.0,2.5,3.647645392825629,3.786540119018117
1602.0,2.5,3.6454716433874728,3.7838283590662045
1622.0,2.5,3.6428754457418937,3.781109996630191
1642.0,2.5,3.6404849513175086,3.779183368541976
1662.0,2.5,3.6390225425291636,3.777266769930053
1682.0,2.5,3.6362930793920407,3.7736491021826613
1702.0,2.5,3.6345053184137486,3.770694728804945
1722.0,2.5,3.6319358602417817,3.76843494722127
1742.0,2.5,3.6295232637862838,3.765326672675729
1762.0,2.5,3.626424667671071,3.7632931755536982
1782.0,2.5,3.624330593894791,3.7601364329619504
1802.0,2.5,3.6223439595961375,3.758343188704634
1822.0,2.5,3.620944474367472,3.756192580465171
1842.0,2.5,3.6184603183043156,3.753321731904974
1862.0,2.5,3.615421319029134,3.750274507918248
1882.0,2.5,3.613537338537961,3.747214616003597
1902.0,2.5,3.6120791037815283,3.74455883621507
1922.0,2.5,3.6093844034008646,3.7428835205227218
1942.0,2.5,3.607792579126694,3.7406608975574
1962.0,2.5,3.6058442587007518,3.737993112195244
1982.0,2.5,3.6027541069013918,3.7352147043855473
2002.0,2.5,3.6018427167674325,3.731507095425191
2022.0,2.5,3.5989732780239834,3.730036618808561
2042.0,2.5,3.5971132571658835,3.727294955119221
2062.0,2.5,3.5960630327635634,3.7247471248161363
2082.0,2.5,3.593940295872436,3.722812526790775
2102.0,2.5,3.592147681770512,3.7196720938465964
2122.0,2.5,3.5903937186160757,3.7180862646398998
2142.0,2.5,3.5881600401069753,3.714835492681494
2162.0,2.5,3.5866248290406535,3.7125749840803604
2182.0,2.5,3.5839121033998893,3.7102753068955883
2202.0,2.5,3.583133916761101,3.7072516024925473
2222.0,2.5,3.5822105065410903,3.7062077603423687
2242.0,2.5,3.5795934542807433,3.702545820880651
2262.0,2.5,3.577723281733676,3.702059059606771
2282.0,2.5,3.575052808661427,3.699233401592206
2302.0,2.5,3.5733480581398993,3.6972542643156423
2322.0,2.5,3.5725079660407477,3.694811397576261
2342.0,2.5,3.570368387641125,3.693679252439097
2362.0,2.5,3.568717257523135,3.690858291293438
2382.0,2.5,3.567295924239576,3.688614957614891
2402.0,2.5,3.5653524101366694,3.6868844604841517
2422.0,-2.5,3.7341653183795604,3.6889510933686482
2442.0,-2.5,3.754089412747428,3.690447028836877
2462.0,-2.5,3.76693380006577,3.6924865578278263
2482.0,-2.5,3.7774132629796986,3.694643419288312
2502.0,-2.5,3.7865724885315997,3.696444496420826
2522.0,-2.5,3.7921077828590204,3.6994276187305495
2542.0,-2.5,3.7976320059020416,3.701645134201774
2562.0,-2.5,3.8041294526264635,3.704442220155225
2582.0,-2.5,3.80913629966236,3.7065351639865955
2602.0,-2.5,3.8153809958110028,3.708441624019996
2622.0,-2.5,3.8196569567944705,3.7110904767136685
2642.0,-2.5,3.8246419122093425,3.713157237623573
2662.0,-2.5,3.8293671920398458,3.715497830673867
2682.0,-2.5,3.8332514958901083,3.7175561395486385
2702.0,-2.5,3.838735922069512,3.7197520419226864
2722.0,-2.5,3.8422690405420394,3.7228544828005163
2742.0,-2.5,3.8458195067060363,3.724854813130019
2762.0,-2.5,3.8508643924555823,3.7277698288988637
2782.0,-2.5,3.8541620318806795,3.7305506716798864
2802.0,-2.5,3.8590507204064344,3.7328709357466847
2822.0,-2.5,3.8620338324827235,3.735041687933651
2842.0,-2.5,3.865885523324408,3.737636451495535
2862.0,-2.5,3.869275108425499,3.7402323286131987
2882.0,-2.5,3.8722184067358385,3.7415281466273687
2902.0,-2.5,3.875817481357829,3.744822161387598
2922.0,-2.5,3.8794063681623205,3.7474390936641857
2942.0,-2.5,3.882855000640881,3.7499584821236587
2962.0,-2.5,3.885804893379828,3.7527502661809273
2982.0,-2.5,3.8886897410877075,3.755534232555087
3002.0,-2.5,3.8921517255696005,3.7580208859490525
3022.0,-2.5,3.8948085367602583,3.762067066290146
3042.0,-2.5,3.8972567284189785,3.7638164532441416
3062.0,-2.5,3.9006273472469375,3.766075794645407
3082.0,-2.5,3.902735870606252,3.7677808458930926
3102.0,-2.5,3.904668865940524,3.771325776654571
3122.0,-2.5,3.9077864475329704,3.7737281122801702
3142.0,-2.5,3.910260000092152,3.776126923943321
3162.0,-2.5,3.9125598740325804,3.7785765839451018
3182.0,-2.5,3.915855106838169,3.7813989309557243
3202.0,-2.5,3.9165691445680313,3.784006325749039
3222.0,-2.5,3.920702036070638,3.7864926634126426
3242.0,-2.5,3.9229271489267417,3.7883658247820797
3262.0,-2.5,3.9248748815094823,3.7908770737695994
3282.0,-2.5,3.927197009608283,3.794663436143227
3302.0,-2.5,3.928904391785478,3.796118718739476
3322.0,-2.5,3.9315907582113603,3.7984085121212887
3342.0,-2.5,3.933251235996274,3.8006223960034204
3362.0,-2.5,3.935652711621779,3.8039976769733026
3382.0,-2.5,3.9379609794944743,3.8065639300322056
3402.0,-2.5,3.9398462503033023,3.808997740694251
3422.0,-2.5,3.9424370241940037,3.8100425965213045
3442.0,-2.5,3.9435110370997757,3.8132963773136215
3462.0,-2.5,3.9468677620322445,3.815587131764598
3482.0,-2.5,3.9484041814650754,3.8174255468274425
3502.0,-2.5,3.9501929854670124,3.8196817867361643
3522.0,-2.5,3.9522014880032357,3.8224417651148768
3542.0,-2.5,3.954141473104862,3.8241254486266225
3562.0,-2.5,3.9561987878966804,3.8253710223165736
3582.0,-2.5,3.959239943013184,3.829242589548735
3602.0,-2.5,3.9614035906648706,3.8320202528152203
